filename,label
captcha_001.png,294023
captcha_002.png,170604
captcha_003.png,963775
captcha_004.png,539869
captcha_005.png,604920
captcha_006.png,688924
captcha_007.png,344137
captcha_008.png,620180
captcha_015.png,975308
captcha_012.png,394487
captcha_014.png,632272
captcha_013.png,020307
captcha_011.png,037537
captcha_020.png,802847
captcha_018.png,800609
captcha_019.png,305642
captcha_017.png,040864
captcha_016.png,801222
captcha_024.png,048409
captcha_021.png,048409
captcha_022.png,890315
captcha_025.png,807776
captcha_029.png,866661
captcha_028.png,519490
captcha_026.png,866407
captcha_030.png,866661
captcha_027.png,014457
captcha_034.png,034925
captcha_032.png,989422
captcha_035.png,035440
captcha_031.png,035440
captcha_033.png,035440
captcha_037.png,040231
captcha_040.png,205898
captcha_039.png,119231
captcha_038.png,056300
captcha_036.png,468678
captcha_045.png,763820
captcha_044.png,260831
captcha_042.png,414065
captcha_041.png,761082
captcha_043.png,019009
captcha_050.png,601472
captcha_048.png,005748
captcha_049.png,253697
captcha_047.png,243533
captcha_046.png,258117
captcha_052.png,646760
captcha_055.png,993749
captcha_053.png,993749
captcha_054.png,398860
captcha_051.png,887578
captcha_057.png,018248
captcha_056.png,860077
captcha_059.png,076828
captcha_060.png,080630
captcha_058.png,008093
captcha_062.png,276792
captcha_065.png,278961
captcha_061.png,278894
captcha_064.png,011391
captcha_063.png,017546
captcha_069.png,199062
captcha_066.png,949686
captcha_067.png,199062
captcha_070.png,444542
captcha_068.png,694636
captcha_072.png,089786
captcha_074.png,815087
captcha_073.png,601518
captcha_075.png,106639
captcha_071.png,344501
captcha_080.png,514036
captcha_078.png,033529
captcha_077.png,638672
captcha_076.png,010147
captcha_079.png,380622
captcha_091.png,016064
captcha_085.png,430211
captcha_084.png,016064
captcha_081.png,499260
captcha_086.png,263165
captcha_093.png,644808
captcha_095.png,397890
captcha_082.png,501897
captcha_094.png,510580
captcha_092.png,570658
captcha_083.png,008454
captcha_088.png,868376
captcha_087.png,510272
captcha_090.png,540256
captcha_089.png,980866
captcha_101.png,699650
captcha_108.png,550400
captcha_102.png,712330
captcha_110.png,094606
captcha_099.png,060456
captcha_109.png,712295
captcha_103.png,189023
captcha_105.png,334632
captcha_096.png,179702
captcha_097.png,550509
captcha_100.png,703708
captcha_104.png,712295
captcha_098.png,711670
captcha_106.png,094760
captcha_107.png,061993
captcha_113.png,542509
captcha_120.png,914084
captcha_116.png,053866
captcha_123.png,202584
captcha_114.png,326801
captcha_112.png,201706
captcha_121.png,335264
captcha_117.png,200037
captcha_118.png,682104
captcha_124.png,201651
captcha_115.png,920163
captcha_125.png,707695
captcha_119.png,062074
captcha_111.png,054607
captcha_128.png,663245
captcha_138.png,306305
captcha_130.png,282860
captcha_140.png,292944
captcha_136.png,678534
captcha_127.png,034074
captcha_129.png,679236
captcha_137.png,036689
captcha_126.png,917044
captcha_133.png,207082
captcha_131.png,209420
captcha_139.png,290110
captcha_135.png,045283
captcha_134.png,662808
captcha_132.png,290390
captcha_141.png,324804
captcha_152.png,107231
captcha_155.png,588206
captcha_150.png,702456
captcha_148.png,324804
captcha_144.png,588206
captcha_143.png,588130
captcha_154.png,320290
captcha_149.png,445205
captcha_147.png,107231
captcha_142.png,826089
captcha_153.png,059891
captcha_166.png,403182
captcha_161.png,901863
captcha_165.png,406028
captcha_162.png,406807
captcha_167.png,653078
captcha_160.png,160471
captcha_157.png,160471
captcha_163.png,653045
captcha_169.png,406250
captcha_164.png,284891
captcha_159.png,025211
captcha_168.png,888371
captcha_170.png,034543
captcha_156.png,886758
captcha_158.png,025144
captcha_171.png,703894
captcha_185.png,455709
captcha_175.png,950232
captcha_174.png,962540
captcha_176.png,449530
captcha_178.png,440385
captcha_184.png,950088
captcha_177.png,322265
captcha_182.png,449847
captcha_172.png,440054
captcha_183.png,324696
captcha_179.png,826851
captcha_181.png,814706
captcha_180.png,455121
captcha_173.png,082000
captcha_195.png,856470
captcha_189.png,250436
captcha_186.png,382049
captcha_194.png,309468
captcha_190.png,300304
captcha_200.png,309468
captcha_192.png,300304
captcha_196.png,854470
captcha_191.png,622635
captcha_193.png,781668
captcha_197.png,268075
captcha_198.png,620098
captcha_199.png,620933
captcha_187.png,630506
captcha_188.png,988038
captcha_206.png,170563
captcha_212.png,470718
captcha_214.png,298285
captcha_211.png,170486
captcha_203.png,550347
captcha_210.png,204044
captcha_204.png,682905
captcha_202.png,707363
captcha_215.png,808200
captcha_207.png,674674
captcha_208.png,708397
captcha_213.png,550270
captcha_209.png,080347
captcha_201.png,676844
captcha_224.png,304762
captcha_221.png,303093
captcha_222.png,909729
captcha_227.png,900407
captcha_223.png,043056
captcha_228.png,280436
captcha_217.png,900407
captcha_219.png,908050
captcha_218.png,641701
captcha_226.png,990276
captcha_216.png,270203
captcha_220.png,908050
captcha_229.png,270850
captcha_230.png,909806
captcha_240.png,080763
captcha_238.png,700970
captcha_235.png,328957
captcha_232.png,089149
captcha_231.png,058073
captcha_245.png,328880
captcha_239.png,205013
captcha_243.png,923560
captcha_242.png,709355
captcha_233.png,709764
captcha_241.png,800127
captcha_237.png,071288
captcha_236.png,700161
captcha_244.png,308027
captcha_254.png,654419
captcha_252.png,467505
captcha_247.png,467505
captcha_246.png,663740
captcha_259.png,150308
captcha_248.png,538080
captcha_256.png,274480
captcha_253.png,165034
captcha_257.png,028695
captcha_260.png,284625
captcha_258.png,158373
captcha_251.png,150912
captcha_255.png,655197
captcha_250.png,048055
captcha_249.png,158373
captcha_269.png,662063
captcha_264.png,825381
captcha_274.png,464806
captcha_262.png,464806
captcha_263.png,827073
captcha_270.png,081784
captcha_261.png,341962
captcha_272.png,058149
captcha_265.png,320160
captcha_266.png,107702
captcha_268.png,081607
captcha_275.png,106934
captcha_267.png,463421
captcha_289.png,984682
captcha_280.png,082374
captcha_279.png,734334
captcha_290.png,005140
captcha_288.png,508953
captcha_285.png,868047
captcha_281.png,014372
captcha_286.png,014440
captcha_276.png,087601
captcha_283.png,439445
captcha_287.png,868992
captcha_278.png,087601
captcha_284.png,500976
captcha_277.png,362168
captcha_282.png,082120
captcha_298.png,020539
captcha_299.png,252550
captcha_304.png,633102
captcha_305.png,252306
captcha_293.png,400577
captcha_296.png,684974
captcha_302.png,386230
captcha_292.png,337887
captcha_300.png,624804
captcha_297.png,400577
captcha_301.png,257407
captcha_291.png,003832
captcha_295.png,388554
captcha_306.png,117207
captcha_307.png,150900
captcha_308.png,663407
captcha_309.png,703023
captcha_310.png,011632
captcha_311.png,281901
captcha_312.png,730068
captcha_313.png,733850
captcha_314.png,464305
captcha_315.png,032293
captcha_316.png,049975
captcha_317.png,091057
captcha_318.png,924718
captcha_319.png,924718
captcha_320.png,233304
captcha_321.png,968599
captcha_322.png,924718
captcha_323.png,968599
captcha_324.png,800260
captcha_325.png,968599
captcha_326.png,770504
captcha_327.png,160714
captcha_328.png,416040
captcha_329.png,871002
captcha_330.png,354948
captcha_331.png,369083
captcha_332.png,027726
captcha_333.png,890038
captcha_334.png,602033
captcha_335.png,542342
captcha_336.png,923918
captcha_337.png,938030
captcha_338.png,207340
captcha_339.png,550050
captcha_340.png,921525
captcha_341.png,864205
captcha_342.png,916875
captcha_343.png,173892
captcha_344.png,720318
captcha_345.png,279648
captcha_346.png,470787
captcha_347.png,000101
captcha_348.png,076643
captcha_349.png,500905
captcha_350.png,000101
captcha_351.png,076643
captcha_352.png,874427
captcha_353.png,057018
captcha_354.png,014170
captcha_355.png,334008
captcha_356.png,851493
captcha_357.png,014092
captcha_358.png,488448
captcha_359.png,337979
captcha_360.png,848527
captcha_361.png,822780
captcha_362.png,467965
captcha_363.png,844032
captcha_364.png,169201
captcha_365.png,642916
captcha_366.png,507006
captcha_367.png,341960
captcha_368.png,020162
captcha_369.png,020648
captcha_370.png,075371
captcha_371.png,828354
captcha_372.png,987387
captcha_373.png,909729
captcha_374.png,993069
captcha_375.png,005009
captcha_376.png,108138
captcha_377.png,090339
captcha_378.png,620106
captcha_379.png,303093
captcha_380.png,476082
captcha_381.png,804610
captcha_382.png,476905
captcha_383.png,320028
captcha_384.png,796766
captcha_385.png,435938
captcha_386.png,587407
captcha_387.png,049692
captcha_388.png,230303
captcha_389.png,840952
captcha_390.png,701734
captcha_391.png,580079
captcha_392.png,143349
captcha_393.png,165790
captcha_394.png,884038
captcha_395.png,077796
captcha_396.png,405423
captcha_397.png,513222
captcha_398.png,163076
captcha_399.png,725439
captcha_400.png,007937
captcha_401.png,073388
captcha_402.png,900390
captcha_403.png,068464
captcha_404.png,408049
captcha_405.png,348402
captcha_406.png,157705
captcha_407.png,135396
captcha_408.png,054675
captcha_409.png,921040
captcha_410.png,098279
captcha_411.png,171606
captcha_412.png,053907
captcha_413.png,201846
captcha_414.png,352493
captcha_415.png,075159
captcha_416.png,005300
captcha_417.png,403986
captcha_418.png,010434
captcha_419.png,945239
captcha_420.png,660201
captcha_421.png,843879
captcha_422.png,146706
captcha_423.png,130037
captcha_424.png,684423
captcha_425.png,040249
captcha_426.png,406833
captcha_427.png,487351
captcha_428.png,284145
captcha_429.png,076659
captcha_430.png,340606
captcha_431.png,510041
captcha_432.png,042010
captcha_433.png,064461
captcha_434.png,480847
captcha_435.png,889333
captcha_436.png,027282
captcha_437.png,521249
captcha_438.png,642831
captcha_439.png,255773
captcha_440.png,715820
captcha_441.png,525065
captcha_442.png,711402
captcha_443.png,071122
captcha_444.png,012892
captcha_445.png,905771
captcha_446.png,990002
captcha_447.png,131360
captcha_448.png,874083
captcha_449.png,707854
captcha_450.png,986046
captcha_451.png,684131
captcha_452.png,861030
captcha_453.png,301984
captcha_454.png,020309
captcha_455.png,313226
captcha_456.png,132461
captcha_457.png,009903
captcha_458.png,671011
captcha_459.png,707921
captcha_460.png,709702
captcha_461.png,244809
captcha_462.png,110340
captcha_463.png,591826
captcha_464.png,069881
captcha_465.png,075363
captcha_466.png,097705
captcha_467.png,191702
captcha_468.png,909710
captcha_469.png,614792
captcha_470.png,667463
captcha_471.png,988392
captcha_472.png,321799
captcha_473.png,636968
captcha_474.png,286801
captcha_475.png,705067
captcha_476.png,645343
captcha_477.png,140200
captcha_478.png,128058
captcha_479.png,022423
captcha_480.png,970864
captcha_481.png,048762
captcha_482.png,900812
captcha_483.png,106937
captcha_484.png,479546
captcha_485.png,501480
captcha_486.png,596644
captcha_487.png,040897
captcha_488.png,253695
captcha_489.png,568940
captcha_490.png,033326
captcha_491.png,385606
captcha_492.png,644085
captcha_493.png,273400
captcha_494.png,623489
captcha_495.png,230574
captcha_496.png,427021
captcha_497.png,812729
captcha_498.png,390507
captcha_499.png,019021
captcha_500.png,422518
captcha_501.png,815445
captcha_502.png,743370
captcha_503.png,786040
captcha_504.png,103459
captcha_505.png,580449
captcha_506.png,820336
captcha_507.png,640548
captcha_508.png,040197
captcha_509.png,040010
captcha_510.png,420070
captcha_511.png,307512
captcha_512.png,600262
captcha_513.png,628450
captcha_514.png,692132
captcha_515.png,817514
captcha_516.png,070123
captcha_517.png,037385
captcha_518.png,693089
captcha_519.png,548000
captcha_520.png,199945
captcha_521.png,005005
captcha_522.png,009336
captcha_523.png,202163
captcha_524.png,365008
captcha_525.png,208779
captcha_526.png,370767
captcha_527.png,882206
captcha_528.png,890869
captcha_529.png,368800
captcha_530.png,161277
captcha_531.png,425976
captcha_532.png,800596
captcha_533.png,890000
captcha_534.png,490403
captcha_535.png,424184
captcha_536.png,609202
captcha_537.png,000851
captcha_538.png,674094
captcha_539.png,030732
captcha_540.png,298750
captcha_541.png,484120
captcha_542.png,000505
captcha_543.png,095778
captcha_544.png,073250
captcha_545.png,561031
captcha_546.png,094000
captcha_547.png,209256
captcha_548.png,914969
captcha_549.png,060769
captcha_550.png,902530
captcha_551.png,470230
captcha_552.png,060537
captcha_553.png,135665
captcha_554.png,893971
captcha_555.png,282246
captcha_556.png,165370
captcha_557.png,377400
captcha_558.png,120051
captcha_559.png,704776
captcha_560.png,406036
captcha_561.png,078221
captcha_562.png,938003
captcha_563.png,068144
captcha_564.png,656779
captcha_565.png,500891
captcha_566.png,735340
captcha_567.png,089746
captcha_568.png,400508
captcha_569.png,281709
captcha_570.png,079400
captcha_571.png,727043
captcha_572.png,093881
captcha_573.png,122022
captcha_574.png,172208
captcha_575.png,340107
captcha_576.png,261559
captcha_577.png,035883
captcha_578.png,727207
captcha_579.png,070694
captcha_580.png,035883
captcha_581.png,334216
captcha_582.png,300085
captcha_583.png,450554
captcha_584.png,208891
captcha_585.png,008927
captcha_586.png,497041
captcha_587.png,042645
captcha_588.png,500422
captcha_589.png,910000
captcha_590.png,476545
captcha_591.png,908690
captcha_592.png,028654
captcha_593.png,686038
captcha_594.png,873430
captcha_595.png,824923
captcha_596.png,037062
captcha_597.png,854728
captcha_598.png,503203
captcha_599.png,591974
captcha_600.png,700773
captcha_601.png,716355
captcha_602.png,721015
captcha_603.png,853003
captcha_604.png,315209
captcha_605.png,909846
captcha_606.png,304802
captcha_607.png,797620
captcha_608.png,448076
captcha_609.png,100049
captcha_610.png,140402
captcha_611.png,593909
captcha_612.png,263993
captcha_613.png,775532
captcha_614.png,272346
captcha_615.png,644777
captcha_616.png,469749
captcha_617.png,705237
captcha_618.png,592107
captcha_619.png,434420
captcha_620.png,250302
captcha_621.png,586846
captcha_622.png,287260
captcha_623.png,300718
captcha_624.png,287260
captcha_625.png,075120
captcha_626.png,193010
captcha_627.png,002054
captcha_628.png,196712
captcha_629.png,707261
captcha_630.png,399520
captcha_631.png,507320
captcha_632.png,039474
captcha_633.png,622825
captcha_634.png,849787
captcha_635.png,784228
captcha_636.png,784228
captcha_637.png,902040
captcha_638.png,274370
captcha_639.png,470072
captcha_640.png,420027
captcha_641.png,420027
captcha_642.png,420027
captcha_643.png,834106
captcha_644.png,037013
captcha_645.png,974247
captcha_646.png,778890
captcha_647.png,807008
captcha_648.png,807030
captcha_649.png,800800
captcha_650.png,945534
captcha_651.png,800657
captcha_652.png,652707
captcha_653.png,647970
captcha_654.png,070015
captcha_655.png,019379
captcha_656.png,976261
captcha_657.png,305823
captcha_658.png,644397
captcha_659.png,133594
captcha_660.png,583432
captcha_661.png,739210
captcha_662.png,320757
captcha_663.png,320757
captcha_664.png,312918
captcha_665.png,081994
captcha_666.png,313174
captcha_667.png,321627
captcha_668.png,827660
captcha_669.png,236771
captcha_670.png,041293
captcha_671.png,384165
captcha_672.png,040348
captcha_673.png,817329
captcha_674.png,560490
captcha_675.png,578942
captcha_676.png,800814
captcha_677.png,731951
captcha_678.png,819420
captcha_679.png,722643
captcha_680.png,722643
captcha_681.png,479008
captcha_682.png,655882
captcha_683.png,598730
captcha_684.png,186306
captcha_685.png,675770
captcha_686.png,000073
captcha_687.png,680149
captcha_688.png,846872
captcha_689.png,210286
captcha_690.png,392241
captcha_691.png,392406
captcha_692.png,043798
captcha_693.png,301804
captcha_694.png,555747
captcha_695.png,096177
captcha_696.png,640371
captcha_697.png,060004
captcha_698.png,078644
captcha_699.png,837864
captcha_700.png,249813
captcha_701.png,092310
captcha_702.png,000005
captcha_703.png,913035
captcha_704.png,915406
captcha_705.png,850014
captcha_706.png,941070
captcha_707.png,294610
captcha_708.png,779404
captcha_709.png,609581
captcha_710.png,607044
captcha_711.png,060975
captcha_712.png,001055
captcha_713.png,002000
captcha_714.png,070250
captcha_715.png,820610
captcha_716.png,580387
captcha_717.png,346072
captcha_718.png,850293
captcha_719.png,327601
captcha_720.png,859800
captcha_721.png,518976
captcha_722.png,500005
captcha_723.png,513940
captcha_724.png,411302
captcha_725.png,017292
captcha_726.png,940277
captcha_727.png,785643
captcha_728.png,015228
captcha_729.png,275234
captcha_730.png,118713
captcha_731.png,986010
captcha_732.png,992080
captcha_733.png,112096
captcha_734.png,460969
captcha_735.png,981061
captcha_736.png,479408
captcha_737.png,377028
captcha_738.png,340203
captcha_739.png,533005
captcha_740.png,108482
captcha_741.png,456245
captcha_742.png,949745
captcha_743.png,054707
captcha_744.png,047781
captcha_745.png,708204
captcha_746.png,048627
captcha_747.png,475987
captcha_748.png,711070
captcha_749.png,378711
captcha_750.png,652917
captcha_751.png,971087
captcha_752.png,584200
captcha_753.png,549747
captcha_754.png,080177
captcha_755.png,235978
captcha_756.png,234022
captcha_757.png,084540
captcha_758.png,300285
captcha_759.png,833009
captcha_760.png,296260
captcha_761.png,550414
captcha_762.png,465748
captcha_763.png,107867
captcha_764.png,473355
captcha_765.png,290005
captcha_766.png,056406
captcha_767.png,228978
captcha_768.png,070884
captcha_769.png,208728
captcha_770.png,089490
captcha_771.png,748390
captcha_772.png,400849
captcha_773.png,904969
captcha_774.png,592167
captcha_775.png,317106
captcha_776.png,098901
captcha_777.png,004116
captcha_778.png,572093
captcha_779.png,580600
captcha_780.png,091650
captcha_781.png,044567
captcha_782.png,080185
captcha_783.png,200267
captcha_784.png,200267
captcha_785.png,563420
captcha_786.png,710601
captcha_787.png,726761
captcha_788.png,494113
captcha_789.png,248900
captcha_790.png,155805
captcha_791.png,760026
captcha_792.png,697038
captcha_793.png,191071
captcha_794.png,009403
captcha_795.png,906174
captcha_796.png,500969
captcha_797.png,691497
captcha_798.png,016508
captcha_799.png,420940
captcha_800.png,420940
captcha_801.png,457039
captcha_802.png,372252
captcha_803.png,230109
captcha_804.png,423866
captcha_805.png,176917
captcha_806.png,327601
captcha_807.png,335087
captcha_808.png,278390
captcha_809.png,509240
captcha_810.png,513027
captcha_811.png,512004
captcha_812.png,420097
captcha_813.png,786335
captcha_814.png,608982
captcha_815.png,003695
captcha_816.png,888051
captcha_817.png,714371
captcha_818.png,105158
captcha_819.png,452251
captcha_820.png,809227
captcha_821.png,854967
captcha_822.png,266849
captcha_823.png,410550
captcha_824.png,272830
captcha_825.png,351472
captcha_826.png,369300
captcha_827.png,004456
captcha_828.png,274480
captcha_829.png,704397
captcha_830.png,050770
captcha_831.png,987704
captcha_832.png,208533
captcha_833.png,803448
captcha_834.png,386251
captcha_835.png,739143
captcha_836.png,471909
captcha_837.png,076932
captcha_838.png,562744
captcha_839.png,075305
captcha_840.png,470361
captcha_841.png,290864
captcha_842.png,530251
captcha_843.png,282157
captcha_844.png,899094
captcha_845.png,899061
captcha_846.png,804396
captcha_847.png,899061
captcha_848.png,805054
captcha_849.png,899061
captcha_850.png,216411
captcha_851.png,488038
captcha_852.png,565055
captcha_853.png,086402
captcha_854.png,837628
captcha_855.png,743797
captcha_856.png,745489
captcha_857.png,405056
captcha_858.png,742005
captcha_859.png,156438
captcha_860.png,162761
captcha_861.png,684600
captcha_862.png,213567
captcha_863.png,749969
captcha_864.png,300651
captcha_865.png,671044
captcha_866.png,076542
captcha_867.png,008157
captcha_868.png,247567
captcha_869.png,912867
captcha_870.png,673115
captcha_871.png,846865
captcha_872.png,698002
captcha_873.png,022036
captcha_874.png,022036
captcha_875.png,784173
captcha_876.png,428002
captcha_877.png,609873
captcha_878.png,614241
captcha_879.png,571414
captcha_880.png,000797
captcha_881.png,000042
captcha_882.png,401679
captcha_883.png,008704
captcha_884.png,419352
captcha_885.png,418661
captcha_886.png,325345
captcha_887.png,001260
captcha_888.png,860798
captcha_889.png,272107
captcha_890.png,263053
captcha_891.png,852337
captcha_892.png,030569
captcha_893.png,197060
captcha_894.png,196038
captcha_895.png,605935
captcha_896.png,702007
captcha_897.png,453466
captcha_898.png,964679
captcha_899.png,971430
captcha_900.png,476705
captcha_901.png,375959
captcha_902.png,264747
captcha_903.png,854890
captcha_904.png,861650
captcha_905.png,023890
captcha_906.png,280060
captcha_907.png,939036
captcha_908.png,947643
captcha_909.png,539002
captcha_910.png,539926
captcha_911.png,895250
captcha_912.png,040061
captcha_913.png,547976
captcha_914.png,547020
captcha_915.png,622190
captcha_916.png,647568
captcha_917.png,800575
captcha_918.png,895420
captcha_919.png,818038
captcha_920.png,819284
captcha_921.png,562013
captcha_922.png,726287
captcha_923.png,740909
captcha_924.png,649284
captcha_925.png,308338
captcha_926.png,520498
captcha_927.png,663984
captcha_928.png,374909
captcha_929.png,539873
captcha_930.png,026278
captcha_931.png,338506
captcha_932.png,696379
captcha_933.png,082322
captcha_934.png,279276
captcha_935.png,301032
captcha_936.png,873540
captcha_937.png,402901
captcha_938.png,517215
captcha_939.png,658390
captcha_940.png,300440
captcha_941.png,905484
captcha_942.png,077332
captcha_943.png,952005
captcha_944.png,465779
captcha_945.png,597944
captcha_946.png,977728
captcha_947.png,977728
captcha_948.png,404605
captcha_949.png,742313
captcha_950.png,914017
captcha_951.png,327944
captcha_952.png,921055
captcha_953.png,326076
captcha_954.png,202463
captcha_955.png,550557
captcha_956.png,200201
captcha_957.png,061429
captcha_958.png,060737
captcha_959.png,847423
captcha_960.png,060804
captcha_961.png,218854
captcha_962.png,987907
captcha_963.png,503160
captcha_964.png,075586
captcha_965.png,347051
captcha_966.png,075553
captcha_967.png,488204
captcha_968.png,220287
captcha_969.png,859956
captcha_970.png,858165
captcha_971.png,120331
captcha_972.png,734620
captcha_973.png,403750
captcha_974.png,780559
captcha_975.png,658537
captcha_976.png,665144
captcha_977.png,308371
captcha_978.png,810945
captcha_979.png,810022
captcha_980.png,324441
captcha_981.png,449779
captcha_982.png,109446
captcha_983.png,456385
captcha_984.png,836400
captcha_985.png,256902
captcha_986.png,257680
captcha_987.png,388923
captcha_988.png,030820
captcha_989.png,400613
captcha_990.png,170434
captcha_991.png,559025
captcha_992.png,938030
captcha_993.png,837194
captcha_994.png,472701
captcha_995.png,711342
captcha_996.png,480540
captcha_997.png,993036
captcha_998.png,860025
captcha_999.png,512307
captcha_1000.png,131921
captcha_1001.png,304240
captcha_1002.png,032072
captcha_1003.png,930425
captcha_1004.png,435646
captcha_1005.png,822290
captcha_1006.png,070000
captcha_1007.png,609800
captcha_1008.png,027851
captcha_1009.png,408250
captcha_1010.png,374800
captcha_1011.png,521818
captcha_1012.png,282408
captcha_1013.png,789895
captcha_1014.png,205027
captcha_1015.png,338717
captcha_1016.png,213480
captcha_1017.png,932827
captcha_1018.png,347002
captcha_1019.png,309001
captcha_1020.png,220305
captcha_1021.png,080095
captcha_1022.png,352316
captcha_1023.png,516657
captcha_1024.png,907131
captcha_1025.png,300728
captcha_1026.png,656108
captcha_1027.png,780699
captcha_1028.png,780843
captcha_1029.png,045477
captcha_1030.png,449731
captcha_1031.png,077300
captcha_1032.png,704442
captcha_1033.png,114700
captcha_1034.png,977938
captcha_1035.png,256042
captcha_1036.png,246975
captcha_1037.png,022494
captcha_1038.png,884609
captcha_1039.png,891460
captcha_1040.png,890791
captcha_1041.png,682601
captcha_1042.png,333047
captcha_1043.png,093881
captcha_1044.png,094650
captcha_1045.png,712152
captcha_1046.png,002012
captcha_1047.png,093737
captcha_1048.png,900948
captcha_1049.png,642075
captcha_1050.png,305103
captcha_1051.png,301041
captcha_1052.png,063400
captcha_1053.png,790233
captcha_1054.png,939029
captcha_1055.png,062597
captcha_1056.png,746317
captcha_1057.png,870710
captcha_1058.png,043009
captcha_1059.png,457197
captcha_1060.png,827048
captcha_1061.png,602998
captcha_1062.png,835755
captcha_1063.png,006702
captcha_1064.png,890860
captcha_1065.png,914242
captcha_1066.png,542075
captcha_1067.png,046230
captcha_1068.png,046230
captcha_1069.png,567510
captcha_1070.png,682440
captcha_1071.png,504900
captcha_1072.png,860235
captcha_1073.png,472999
captcha_1074.png,480529
captcha_1075.png,015780
captcha_1076.png,131031
captcha_1077.png,640066
captcha_1078.png,015780
captcha_1079.png,768096
captcha_1080.png,049803
captcha_1081.png,304205
captcha_1082.png,302835
captcha_1083.png,064017
captcha_1084.png,575810
captcha_1085.png,228368
captcha_1086.png,604780
captcha_1087.png,604780
captcha_1088.png,070340
captcha_1089.png,070340
captcha_1090.png,240010
captcha_1091.png,605002
captcha_1092.png,094017
captcha_1093.png,094017
captcha_1094.png,893234
captcha_1095.png,900341
captcha_1096.png,536063
captcha_1097.png,073505
captcha_1098.png,057320
captcha_1099.png,469380
captcha_1100.png,469125
captcha_1101.png,715540
captcha_1102.png,080510
captcha_1103.png,001725
captcha_1104.png,003505
captcha_1105.png,803490
captcha_1106.png,771980
captcha_1107.png,019050
captcha_1108.png,473750
captcha_1109.png,473750
captcha_1110.png,496280
captcha_1111.png,947166
captcha_1112.png,792798
captcha_1113.png,945619
captcha_1114.png,582429
captcha_1115.png,954927
captcha_1116.png,156104
captcha_1117.png,529371
captcha_1118.png,157017
captcha_1119.png,521164
captcha_1120.png,520241
captcha_1121.png,310368
captcha_1122.png,543916
captcha_1123.png,166903
captcha_1124.png,004989
captcha_1125.png,004989
captcha_1126.png,483840
captcha_1127.png,099042
captcha_1128.png,477499
captcha_1129.png,002829
captcha_1130.png,630210
captcha_1131.png,514390
captcha_1132.png,000026
captcha_1133.png,514478
captcha_1134.png,017964
captcha_1135.png,994251
captcha_1136.png,934367
captcha_1137.png,344137
captcha_1138.png,940026
captcha_1139.png,213626
captcha_1140.png,579474
captcha_1141.png,213471
captcha_1142.png,003102
captcha_1143.png,486480
captcha_1144.png,731036
captcha_1145.png,865571
captcha_1146.png,369847
captcha_1147.png,780427
captcha_1148.png,153550
captcha_1149.png,662705
captcha_1150.png,662738
captcha_1151.png,307159
captcha_1152.png,881383
captcha_1153.png,060498
captcha_1154.png,670245
captcha_1155.png,702400
captcha_1156.png,797607
captcha_1157.png,760539
captcha_1158.png,545098
captcha_1159.png,675007
captcha_1160.png,453473
captcha_1161.png,073767
captcha_1162.png,682778
captcha_1163.png,683614
captcha_1164.png,450056
captcha_1165.png,715790
captcha_1166.png,970191
captcha_1167.png,003767
captcha_1168.png,504139
captcha_1169.png,309464
captcha_1170.png,018570
captcha_1171.png,391926
captcha_1172.png,553165
captcha_1173.png,024640
captcha_1174.png,800260
captcha_1175.png,065114
captcha_1176.png,817329
captcha_1177.png,940375
captcha_1178.png,080901
captcha_1179.png,731951
captcha_1180.png,089055
captcha_1181.png,493233
captcha_1182.png,889963
captcha_1183.png,025001
captcha_1184.png,405072
captcha_1185.png,025001
captcha_1186.png,025001
captcha_1187.png,825638
captcha_1188.png,702871
captcha_1189.png,500707
captcha_1190.png,973719
captcha_1191.png,243602
captcha_1192.png,509226
captcha_1193.png,500005
captcha_1194.png,623309
captcha_1195.png,400738
captcha_1196.png,006628
captcha_1197.png,881478
captcha_1198.png,203427
captcha_1199.png,559906
captcha_1200.png,920304
captcha_1201.png,920559
captcha_1202.png,465066
captcha_1203.png,044600
captcha_1204.png,421647
captcha_1205.png,934529
captcha_1206.png,076027
captcha_1207.png,601803
captcha_1208.png,076027
captcha_1209.png,990370
captcha_1210.png,523340
captcha_1211.png,990627
captcha_1212.png,905771
captcha_1213.png,532672
captcha_1214.png,060704
captcha_1215.png,706903
captcha_1216.png,704376
captcha_1217.png,601204
captcha_1218.png,457080
captcha_1219.png,006089
captcha_1220.png,010422
captcha_1221.png,000005
captcha_1222.png,389374
captcha_1223.png,030997
captcha_1224.png,030997
captcha_1225.png,939926
captcha_1226.png,557429
captcha_1227.png,046802
captcha_1228.png,202381
captcha_1229.png,465102
captcha_1230.png,340462
captcha_1231.png,480680
captcha_1232.png,854805
captcha_1233.png,117750
captcha_1234.png,860705
captcha_1235.png,305136
captcha_1236.png,305059
captcha_1237.png,993664
captcha_1238.png,809032
captcha_1239.png,303307
captcha_1240.png,693190
captcha_1241.png,225082
captcha_1242.png,072373
captcha_1243.png,942700
captcha_1244.png,688909
captcha_1245.png,069484
captcha_1246.png,900838
captcha_1247.png,428715
captcha_1248.png,776500
captcha_1249.png,949040
captcha_1250.png,600354
captcha_1251.png,608049
captcha_1252.png,359408
captcha_1253.png,095848
captcha_1254.png,490981
captcha_1255.png,027936
captcha_1256.png,034620
captcha_1257.png,405005
captcha_1258.png,918856
captcha_1259.png,312043
captcha_1260.png,701059
captcha_1261.png,074225
captcha_1262.png,709097
captcha_1263.png,708372
captcha_1264.png,615080
captcha_1265.png,245173
captcha_1266.png,963775
captcha_1267.png,500907
captcha_1268.png,034700
captcha_1269.png,384055
captcha_1270.png,508590
captcha_1271.png,043252
captcha_1272.png,697122
captcha_1273.png,339360
captcha_1274.png,934226
captcha_1275.png,850563
captcha_1276.png,354805
captcha_1277.png,725203
captcha_1278.png,469380
captcha_1279.png,202987
captcha_1280.png,743022
captcha_1281.png,080564
captcha_1282.png,128722
captcha_1283.png,971474
captcha_1284.png,622833
captcha_1285.png,980782
captcha_1286.png,176967
captcha_1287.png,050961
captcha_1288.png,933540
captcha_1289.png,602539
captcha_1290.png,346113
captcha_1291.png,487697
captcha_1292.png,147331
captcha_1293.png,990160
captcha_1294.png,781003
captcha_1295.png,524000
captcha_1296.png,524087
captcha_1297.png,060195
captcha_1298.png,799931
captcha_1299.png,440454
captcha_1300.png,820238
captcha_1301.png,231066
captcha_1302.png,107060
captcha_1303.png,363131
captcha_1304.png,115413
captcha_1305.png,610480
captcha_1306.png,875267
captcha_1307.png,401212
captcha_1308.png,750261
captcha_1309.png,418381
captcha_1310.png,807650
captcha_1311.png,706982
captcha_1312.png,087501
captcha_1313.png,201839
captcha_1314.png,704402
captcha_1315.png,340875
captcha_1316.png,507000
captcha_1317.png,505586
captcha_1318.png,133200
captcha_1319.png,502247
captcha_1320.png,718450
captcha_1321.png,007641
captcha_1322.png,220287
captcha_1323.png,007641
captcha_1324.png,006027
captcha_1325.png,486767
captcha_1326.png,037575
captcha_1327.png,294813
captcha_1328.png,904952
captcha_1329.png,657936
captcha_1330.png,432609
captcha_1331.png,799024
captcha_1332.png,811647
captcha_1333.png,810878
captcha_1334.png,602700
captcha_1335.png,107821
captcha_1336.png,230367
captcha_1337.png,249073
captcha_1338.png,389601
captcha_1339.png,380470
captcha_1340.png,882034
captcha_1341.png,154441
captcha_1342.png,626796
captcha_1343.png,202522
captcha_1344.png,326168
captcha_1345.png,332150
captcha_1346.png,690178
captcha_1347.png,060084
captcha_1348.png,259308
captcha_1349.png,009910
captcha_1350.png,272151
captcha_1351.png,644582
captcha_1352.png,023510
captcha_1353.png,809437
captcha_1354.png,560973
captcha_1355.png,816109
captcha_1356.png,210540
captcha_1357.png,823037
captcha_1358.png,350014
captcha_1359.png,227489
captcha_1360.png,350246
captcha_1361.png,613332
captcha_1362.png,522730
captcha_1363.png,520103
captcha_1364.png,755508
captcha_1365.png,539656
captcha_1366.png,960120
captcha_1367.png,960120
captcha_1368.png,365240
captcha_1369.png,001440
captcha_1370.png,876344
captcha_1371.png,000680
captcha_1372.png,030209
captcha_1373.png,760723
captcha_1374.png,319877
captcha_1375.png,327406
captcha_1376.png,089611
captcha_1377.png,469405
captcha_1378.png,468659
captcha_1379.png,476343
captcha_1380.png,508287
captcha_1381.png,483004
captcha_1382.png,620208
captcha_1383.png,025537
captcha_1384.png,307035
captcha_1385.png,802914
captcha_1386.png,058304
captcha_1387.png,645820
captcha_1388.png,066023
captcha_1389.png,064640
captcha_1390.png,600840
captcha_1391.png,600058
captcha_1392.png,865604
captcha_1393.png,484120
captcha_1394.png,607096
captcha_1395.png,523089
captcha_1396.png,797142
captcha_1397.png,150966
captcha_1398.png,663794
captcha_1399.png,796550
captcha_1400.png,548434
captcha_1401.png,168805
captcha_1402.png,826001
captcha_1403.png,320045
captcha_1404.png,973491
captcha_1405.png,253208
captcha_1406.png,378501
captcha_1407.png,500446
captcha_1408.png,981954
captcha_1409.png,005666
captcha_1410.png,037655
captcha_1411.png,764565
captcha_1412.png,540482
captcha_1413.png,928806
captcha_1414.png,000229
captcha_1415.png,132018
captcha_1416.png,412979
captcha_1417.png,760919
captcha_1418.png,638084
captcha_1419.png,172646
captcha_1420.png,180320
captcha_1421.png,436800
captcha_1422.png,578052
captcha_1423.png,444262
captcha_1424.png,220002
captcha_1425.png,492684
captcha_1426.png,089155
captcha_1427.png,871790
captcha_1428.png,862381
captcha_1429.png,851440
captcha_1430.png,530832
captcha_1431.png,034251
captcha_1432.png,860056
captcha_1433.png,795708
captcha_1434.png,959961
captcha_1435.png,105100
captcha_1436.png,974008
captcha_1437.png,797001
captcha_1438.png,791207
captcha_1439.png,791120
captcha_1440.png,370500
captcha_1441.png,090639
captcha_1442.png,608112
captcha_1443.png,922806
captcha_1444.png,450630
captcha_1445.png,089462
captcha_1446.png,316062
captcha_1447.png,705177
captcha_1448.png,085105
captcha_1449.png,967993
captcha_1450.png,648724
captcha_1451.png,967070
captcha_1452.png,976279
captcha_1453.png,091275
captcha_1454.png,787506
captcha_1455.png,562423
captcha_1456.png,005106
captcha_1457.png,807048
captcha_1458.png,485331
captcha_1459.png,806270
captcha_1460.png,080783
captcha_1461.png,515060
captcha_1462.png,340240
captcha_1463.png,000786
captcha_1464.png,069093
captcha_1465.png,498585
captcha_1466.png,230019
captcha_1467.png,610079
captcha_1468.png,600915
captcha_1469.png,800652
captcha_1470.png,809951
captcha_1471.png,071704
captcha_1472.png,343545
captcha_1473.png,905100
captcha_1474.png,524624
captcha_1475.png,306226
captcha_1476.png,290451
captcha_1477.png,528518
captcha_1478.png,909170
captcha_1479.png,684392
captcha_1480.png,096197
captcha_1481.png,715602
captcha_1482.png,095673
captcha_1483.png,621881
captcha_1484.png,268080
captcha_1485.png,504139
captcha_1486.png,041106
captcha_1487.png,307094
captcha_1488.png,305203
captcha_1489.png,190374
captcha_1490.png,577019
captcha_1491.png,011912
captcha_1492.png,865664
captcha_1493.png,098100
captcha_1494.png,378138
captcha_1495.png,135458
captcha_1496.png,027036
captcha_1497.png,307074
captcha_1498.png,328747
captcha_1499.png,831012
captcha_1500.png,591900
captcha_1501.png,004584
captcha_1502.png,127340
captcha_1503.png,128010
captcha_1504.png,763482
captcha_1505.png,763604
captcha_1506.png,630793
captcha_1507.png,175421
captcha_1508.png,647907
captcha_1509.png,788082
captcha_1510.png,745976
captcha_1511.png,000345
captcha_1512.png,411703
captcha_1513.png,025703
captcha_1514.png,094458
captcha_1515.png,300105
captcha_1516.png,773238
captcha_1517.png,440833
captcha_1518.png,225738
captcha_1519.png,087007
captcha_1520.png,225992
captcha_1521.png,223345
captcha_1522.png,951947
captcha_1523.png,086174
captcha_1524.png,371436
captcha_1525.png,240591
captcha_1526.png,000806
captcha_1527.png,023804
captcha_1528.png,403524
captcha_1529.png,536468
captcha_1530.png,056057
captcha_1531.png,550913
captcha_1532.png,707249
captcha_1533.png,055265
captcha_1534.png,550077
captcha_1535.png,708161
captcha_1536.png,847976
captcha_1537.png,854728
captcha_1538.png,720179
captcha_1539.png,507600
captcha_1540.png,853003
captcha_1541.png,620621
captcha_1542.png,504626
captcha_1543.png,017122
captcha_1544.png,023292
captcha_1545.png,420004
captcha_1546.png,057750
captcha_1547.png,304844
captcha_1548.png,065368
captcha_1549.png,071504
captcha_1550.png,080836
captcha_1551.png,584000
captcha_1552.png,722017
captcha_1553.png,109100
captcha_1554.png,084729
captcha_1555.png,599070
captcha_1556.png,884322
captcha_1557.png,769227
captcha_1558.png,030658
captcha_1559.png,055026
captcha_1560.png,333430
captcha_1561.png,590942
captcha_1562.png,110135
captcha_1563.png,509218
captcha_1564.png,474090
captcha_1565.png,258216
captcha_1566.png,760967
captcha_1567.png,273517
captcha_1568.png,777950
captcha_1569.png,303068
captcha_1570.png,578000
captcha_1571.png,072365
captcha_1572.png,070774
captcha_1573.png,609320
captcha_1574.png,350789
captcha_1575.png,492622
captcha_1576.png,010523
captcha_1577.png,748280
captcha_1578.png,662989
captcha_1579.png,282140
captcha_1580.png,900829
captcha_1581.png,896437
captcha_1582.png,663725
captcha_1583.png,796679
captcha_1584.png,320494
captcha_1585.png,059832
captcha_1586.png,967516
captcha_1587.png,718908
captcha_1588.png,593725
captcha_1589.png,099791
captcha_1590.png,251022
captcha_1591.png,854712
captcha_1592.png,473137
captcha_1593.png,266771
captcha_1594.png,505480
captcha_1595.png,993749
captcha_1596.png,551023
captcha_1597.png,024046
captcha_1598.png,023277
captcha_1599.png,437796
captcha_1600.png,080910
captcha_1601.png,343866
captcha_1602.png,070766
captcha_1603.png,576700
captcha_1604.png,236212
captcha_1605.png,010602
captcha_1606.png,150475
captcha_1607.png,282241
captcha_1608.png,065507
captcha_1609.png,807850
captcha_1610.png,271759
captcha_1611.png,484732
captcha_1612.png,517676
captcha_1613.png,517676
captcha_1614.png,657204
captcha_1615.png,036232
captcha_1616.png,903520
captcha_1617.png,307049
captcha_1618.png,320492
captcha_1619.png,830195
captcha_1620.png,460797
captcha_1621.png,989286
captcha_1622.png,631403
captcha_1623.png,392705
captcha_1624.png,630976
captcha_1625.png,771997
captcha_1626.png,181476
captcha_1627.png,181309
captcha_1628.png,214310
captcha_1629.png,066370
captcha_1630.png,221004
captcha_1631.png,008023
captcha_1632.png,495345
captcha_1633.png,137550
captcha_1634.png,998831
captcha_1635.png,012212
captcha_1636.png,144166
captcha_1637.png,516597
captcha_1638.png,060226
captcha_1639.png,911762
captcha_1640.png,035308
captcha_1641.png,430197
captcha_1642.png,045451
captcha_1643.png,078174
captcha_1644.png,572430
captcha_1645.png,249176
captcha_1646.png,230045
captcha_1647.png,388102
captcha_1648.png,578078
captcha_1649.png,730793
captcha_1650.png,097633
captcha_1651.png,871782
captcha_1652.png,656853
captcha_1653.png,026560
captcha_1654.png,933041
captcha_1655.png,809704
captcha_1656.png,560228
captcha_1657.png,601316
captcha_1658.png,579603
captcha_1659.png,080585
captcha_1660.png,493159
captcha_1661.png,523886
captcha_1662.png,889333
captcha_1663.png,286247
captcha_1664.png,798129
captcha_1665.png,810217
captcha_1666.png,455724
captcha_1667.png,602829
captcha_1668.png,589360
captcha_1669.png,576968
captcha_1670.png,600340
captcha_1671.png,576980
captcha_1672.png,605818
captcha_1673.png,282313
captcha_1674.png,538970
captcha_1675.png,886910
captcha_1676.png,670112
captcha_1677.png,453270
captcha_1678.png,207000
captcha_1679.png,313429
captcha_1680.png,103015
captcha_1681.png,965220
captcha_1682.png,478047
captcha_1683.png,972135
captcha_1684.png,120239
captcha_1685.png,630697
captcha_1686.png,391801
captcha_1687.png,042247
captcha_1688.png,051722
captcha_1689.png,176027
captcha_1690.png,050252
captcha_1691.png,067047
captcha_1692.png,339344
captcha_1693.png,510021
captcha_1694.png,992352
captcha_1695.png,638051
captcha_1696.png,638084
captcha_1697.png,056461
captcha_1698.png,063387
captcha_1699.png,197791
captcha_1700.png,070148
captcha_1701.png,350186
captcha_1702.png,089524
captcha_1703.png,608049
captcha_1704.png,490981
captcha_1705.png,944755
captcha_1706.png,707230
captcha_1707.png,000277
captcha_1708.png,993723
captcha_1709.png,779320
captcha_1710.png,203390
captcha_1711.png,342005
captcha_1712.png,609407
captcha_1713.png,964077
captcha_1714.png,011889
captcha_1715.png,292650
captcha_1716.png,826851
captcha_1717.png,454353
captcha_1718.png,091320
captcha_1719.png,203469
captcha_1720.png,970074
captcha_1721.png,570171
captcha_1722.png,593548
captcha_1723.png,597164
captcha_1724.png,626960
captcha_1725.png,255461
captcha_1726.png,234375
captcha_1727.png,000115
captcha_1728.png,888312
captcha_1729.png,752230
captcha_1730.png,031421
captcha_1731.png,544227
captcha_1732.png,450242
captcha_1733.png,460219
captcha_1734.png,005102
captcha_1735.png,856504
captcha_1736.png,508962
captcha_1737.png,042457
captcha_1738.png,555175
captcha_1739.png,555008
captcha_1740.png,181207
captcha_1741.png,075763
captcha_1742.png,950835
captcha_1743.png,005204
captcha_1744.png,361717
captcha_1745.png,137567
captcha_1746.png,872907
captcha_1747.png,907201
captcha_1748.png,903140
captcha_1749.png,656100
captcha_1750.png,440426
captcha_1751.png,316890
captcha_1752.png,069940
captcha_1753.png,407775
captcha_1754.png,158299
captcha_1755.png,406151
captcha_1756.png,909801
captcha_1757.png,538226
captcha_1758.png,660170
captcha_1759.png,299762
captcha_1760.png,058594
captcha_1761.png,460610
captcha_1762.png,460610
captcha_1763.png,098299
captcha_1764.png,830272
captcha_1765.png,849725
captcha_1766.png,110056
captcha_1767.png,384242
captcha_1768.png,764026
captcha_1769.png,630043
captcha_1770.png,770196
captcha_1771.png,547704
captcha_1772.png,042440
captcha_1773.png,183090
captcha_1774.png,075601
captcha_1775.png,214310
captcha_1776.png,950750
captcha_1777.png,601032
captcha_1778.png,007921
captcha_1779.png,741660
captcha_1780.png,146703
captcha_1781.png,906370
captcha_1782.png,905602
captcha_1783.png,293247
captcha_1784.png,908027
captcha_1785.png,022264
captcha_1786.png,039423
captcha_1787.png,102433
captcha_1788.png,225200
captcha_1789.png,070820
captcha_1790.png,605093
captcha_1791.png,583727
captcha_1792.png,964433
captcha_1793.png,369654
captcha_1794.png,359400
captcha_1795.png,746209
captcha_1796.png,530689
captcha_1797.png,407668
captcha_1798.png,281630
captcha_1799.png,312036
captcha_1800.png,881880
captcha_1801.png,624522
captcha_1802.png,532216
captcha_1803.png,417298
captcha_1804.png,179425
captcha_1805.png,920960
captcha_1806.png,093970
captcha_1807.png,710958
captcha_1808.png,727018
captcha_1809.png,077327
captcha_1810.png,634866
captcha_1811.png,869160
captcha_1812.png,783892
captcha_1813.png,187101
captcha_1814.png,393300
captcha_1815.png,407781
captcha_1816.png,982510
captcha_1817.png,423928
captcha_1818.png,183519
captcha_1819.png,701741
captcha_1820.png,702675
captcha_1821.png,006825
captcha_1822.png,733658
captcha_1823.png,007080
captcha_1824.png,011049
captcha_1825.png,907999
captcha_1826.png,021868
captcha_1827.png,431560
captcha_1828.png,440969
captcha_1829.png,810742
captcha_1830.png,440969
captcha_1831.png,100780
captcha_1832.png,952095
captcha_1833.png,456337
captcha_1834.png,743081
captcha_1835.png,743036
captcha_1836.png,976771
captcha_1837.png,021482
captcha_1838.png,753613
captcha_1839.png,891040
captcha_1840.png,330234
captcha_1841.png,397029
captcha_1842.png,478914
captcha_1843.png,757007
captcha_1844.png,253141
captcha_1845.png,020606
captcha_1846.png,036044
captcha_1847.png,772243
captcha_1848.png,037521
captcha_1849.png,899505
captcha_1850.png,209793
captcha_1851.png,423010
captcha_1852.png,888128
captcha_1853.png,201964
captcha_1854.png,567510
captcha_1855.png,333052
captcha_1856.png,341670
captcha_1857.png,607071
captcha_1858.png,016013
captcha_1859.png,645384
captcha_1860.png,398367
captcha_1861.png,860798
captcha_1862.png,624298
captcha_1863.png,623696
captcha_1864.png,210828
captcha_1865.png,690480
captcha_1866.png,763379
captcha_1867.png,226766
captcha_1868.png,490608
captcha_1869.png,009181
captcha_1870.png,026292
captcha_1871.png,493033
captcha_1872.png,872148
captcha_1873.png,010933
captcha_1874.png,160947
captcha_1875.png,151307
captcha_1876.png,664058
captcha_1877.png,828211
captcha_1878.png,565978
captcha_1879.png,078696
captcha_1880.png,100385
captcha_1881.png,663601
captcha_1882.png,662846
captcha_1883.png,075406
captcha_1884.png,108418
captcha_1885.png,454689
captcha_1886.png,081599
captcha_1887.png,502770
captcha_1888.png,617150
captcha_1889.png,120670
captcha_1890.png,758557
captcha_1891.png,757624
captcha_1892.png,549467
captcha_1893.png,045102
captcha_1894.png,680632
captcha_1895.png,804178
captcha_1896.png,060748
captcha_1897.png,207919
captcha_1898.png,077409
captcha_1899.png,480303
captcha_1900.png,727253
captcha_1901.png,982064
captcha_1902.png,354385
captcha_1903.png,642721
captcha_1904.png,304090
captcha_1905.png,030507
captcha_1906.png,133661
captcha_1907.png,026272
captcha_1908.png,067670
captcha_1909.png,420615
captcha_1910.png,809951
captcha_1911.png,227107
captcha_1912.png,236592
captcha_1913.png,236670
captcha_1914.png,192707
captcha_1915.png,718047
captcha_1916.png,000622
captcha_1917.png,026898
captcha_1918.png,406926
captcha_1919.png,734394
captcha_1920.png,641088
captcha_1921.png,012707
captcha_1922.png,059104
captcha_1923.png,521167
captcha_1924.png,520797
captcha_1925.png,025509
captcha_1926.png,033984
captcha_1927.png,032293
captcha_1928.png,536635
captcha_1929.png,165050
captcha_1930.png,071042
captcha_1931.png,832665
captcha_1932.png,708251
captcha_1933.png,317680
captcha_1934.png,848056
captcha_1935.png,849802
captcha_1936.png,989507
captcha_1937.png,621269
captcha_1938.png,997806
captcha_1939.png,183869
captcha_1940.png,927434
captcha_1941.png,059763
captcha_1942.png,205934
captcha_1943.png,535004
captcha_1944.png,672929
captcha_1945.png,805796
captcha_1946.png,808335
captcha_1947.png,550495
captcha_1948.png,845314
captcha_1949.png,071245
captcha_1950.png,102719
captcha_1951.png,111027
captcha_1952.png,849004
captcha_1953.png,469110
captcha_1954.png,469990
captcha_1955.png,500296
captcha_1956.png,622086
captcha_1957.png,763550
captcha_1958.png,429064
captcha_1959.png,058489
captcha_1960.png,808146
captcha_1961.png,100204
captcha_1962.png,961596
captcha_1963.png,093739
captcha_1964.png,870270
captcha_1965.png,620716
captcha_1966.png,016441
captcha_1967.png,885504
captcha_1968.png,031906
captcha_1969.png,402304
captcha_1970.png,206851
captcha_1971.png,310165
captcha_1972.png,071447
captcha_1973.png,758145
captcha_1974.png,730431
captcha_1975.png,242192
captcha_1976.png,373335
captcha_1977.png,192701
captcha_1978.png,000562
captcha_1979.png,354595
captcha_1980.png,406900
captcha_1981.png,281683
captcha_1982.png,034325
captcha_1983.png,073361
captcha_1984.png,910730
captcha_1985.png,449154
captcha_1986.png,314004
captcha_1987.png,320943
captcha_1988.png,827755
captcha_1989.png,302217
captcha_1990.png,790620
captcha_1991.png,757501
captcha_1992.png,386093
captcha_1993.png,607100
captcha_1994.png,234088
captcha_1995.png,010928
captcha_1996.png,719103
captcha_1997.png,719180
captcha_1998.png,603007
captcha_1999.png,212478
captcha_2000.png,007440
captcha_2001.png,261481
captcha_2002.png,261481
captcha_2003.png,012840
captcha_2004.png,905374
captcha_2005.png,782739
captcha_2006.png,029900
captcha_2007.png,440013
captcha_2008.png,440891
captcha_2009.png,456337
captcha_2010.png,837990
captcha_2011.png,107873
captcha_2012.png,000009
captcha_2013.png,500781
captcha_2014.png,006416
captcha_2015.png,557301
captcha_2016.png,347797
captcha_2017.png,284330
captcha_2018.png,003070
captcha_2019.png,654213
captcha_2020.png,277398
captcha_2021.png,846311
captcha_2022.png,846311
captcha_2023.png,620316
captcha_2024.png,000045
captcha_2025.png,018983
captcha_2026.png,280078
captcha_2027.png,398877
captcha_2028.png,398911
captcha_2029.png,644247
captcha_2030.png,784710
captcha_2031.png,808400
captcha_2032.png,692404
captcha_2033.png,229790
captcha_2034.png,401326
captcha_2035.png,410801
captcha_2036.png,297011
captcha_2037.png,939454
captcha_2038.png,465730
captcha_2039.png,341105
captcha_2040.png,009954
captcha_2041.png,124960
captcha_2042.png,760478
captcha_2043.png,272974
captcha_2044.png,786537
captcha_2045.png,784846
captcha_2046.png,930248
captcha_2047.png,260610
captcha_2048.png,287934
captcha_2049.png,780286
captcha_2050.png,657674
captcha_2051.png,803076
captcha_2052.png,944372
captcha_2053.png,456178
captcha_2054.png,084847
captcha_2055.png,249956
captcha_2056.png,976780
captcha_2057.png,024706
captcha_2058.png,047858
captcha_2059.png,202492
captcha_2060.png,714440
captcha_2061.png,003479
captcha_2062.png,466679
captcha_2063.png,001009
captcha_2064.png,009957
captcha_2065.png,264403
captcha_2066.png,652917
captcha_2067.png,304109
captcha_2068.png,793147
captcha_2069.png,600206
captcha_2070.png,071704
captcha_2071.png,367999
captcha_2072.png,747850
captcha_2073.png,870495
captcha_2074.png,870717
captcha_2075.png,520152
captcha_2076.png,034428
captcha_2077.png,702625
captcha_2078.png,166593
captcha_2079.png,701088
captcha_2080.png,679210
captcha_2081.png,058259
captcha_2082.png,809065
captcha_2083.png,674674
captcha_2084.png,675442
captcha_2085.png,333804
captcha_2086.png,060704
captcha_2087.png,096700
captcha_2088.png,070781
captcha_2089.png,720603
captcha_2090.png,399746
captcha_2091.png,512281
captcha_2092.png,511512
captcha_2093.png,039154
captcha_2094.png,790744
captcha_2095.png,100601
captcha_2096.png,582101
captcha_2097.png,720295
captcha_2098.png,605035
captcha_2099.png,739770
captcha_2100.png,235339
captcha_2101.png,024214
captcha_2102.png,884045
captcha_2103.png,676801
captcha_2104.png,678826
captcha_2105.png,173892
captcha_2106.png,063523
captcha_2107.png,714036
captcha_2108.png,098314
captcha_2109.png,251755
captcha_2110.png,994470
captcha_2111.png,646352
captcha_2112.png,268748
captcha_2113.png,639146
captcha_2114.png,420688
captcha_2115.png,267056
captcha_2116.png,018305
captcha_2117.png,308376
captcha_2118.png,560760
captcha_2119.png,199417
captcha_2120.png,485906
captcha_2121.png,220350
captcha_2122.png,858492
captcha_2123.png,011502
captcha_2124.png,654393
captcha_2125.png,409760
captcha_2126.png,079874
captcha_2127.png,366000
captcha_2128.png,233620
captcha_2129.png,241237
captcha_2130.png,380796
captcha_2131.png,536198
captcha_2132.png,908073
captcha_2133.png,908150
captcha_2134.png,297199
captcha_2135.png,204572
captcha_2136.png,460083
captcha_2137.png,460060
captcha_2138.png,987023
captcha_2139.png,276016
captcha_2140.png,787306
captcha_2141.png,553915
captcha_2142.png,348182
captcha_2143.png,077520
captcha_2144.png,470805
captcha_2145.png,983512
captcha_2146.png,634069
captcha_2147.png,270409
captcha_2148.png,527592
captcha_2149.png,288029
captcha_2150.png,030243
captcha_2151.png,070015
captcha_2152.png,581743
captcha_2153.png,042579
captcha_2154.png,208048
captcha_2155.png,430113
captcha_2156.png,348676
captcha_2157.png,190659
captcha_2158.png,302797
captcha_2159.png,022903
captcha_2160.png,808676
captcha_2161.png,444952
captcha_2162.png,690100
captcha_2163.png,071862
captcha_2164.png,608049
captcha_2165.png,350320
captcha_2166.png,614064
captcha_2167.png,410531
captcha_2168.png,091850
captcha_2169.png,843064
captcha_2170.png,073302
captcha_2171.png,267525
captcha_2172.png,036801
captcha_2173.png,560048
captcha_2174.png,345042
captcha_2175.png,725681
captcha_2176.png,494801
captcha_2177.png,029473
captcha_2178.png,160947
captcha_2179.png,106080
captcha_2180.png,671841
captcha_2181.png,671841
captcha_2182.png,671819
captcha_2183.png,500895
captcha_2184.png,120001
captcha_2185.png,377028
captcha_2186.png,839575
captcha_2187.png,333609
captcha_2188.png,002508
captcha_2189.png,340448
captcha_2190.png,779499
captcha_2191.png,266771
captcha_2192.png,058758
captcha_2193.png,306543
captcha_2194.png,652714
captcha_2195.png,560254
captcha_2196.png,437796
captcha_2197.png,072280
captcha_2198.png,948053
captcha_2199.png,089206
captcha_2200.png,010394
captcha_2201.png,098759
captcha_2202.png,870106
captcha_2203.png,168005
captcha_2204.png,168005
captcha_2205.png,663804
captcha_2206.png,168850
captcha_2207.png,035070
captcha_2208.png,454704
captcha_2209.png,595265
captcha_2210.png,974370
captcha_2211.png,625739
captcha_2212.png,253562
captcha_2213.png,111474
captcha_2214.png,008005
captcha_2215.png,037798
captcha_2216.png,160554
captcha_2217.png,584200
captcha_2218.png,103725
captcha_2219.png,721304
captcha_2220.png,236670
captcha_2221.png,019027
captcha_2222.png,375351
captcha_2223.png,660203
captcha_2224.png,408363
captcha_2225.png,034340
captcha_2226.png,894530
captcha_2227.png,547145
captcha_2228.png,082662
captcha_2229.png,453060
captcha_2230.png,543421
captcha_2231.png,047873
captcha_2232.png,922613
captcha_2233.png,352121
captcha_2234.png,486900
captcha_2235.png,012042
captcha_2236.png,732236
captcha_2237.png,279368
captcha_2238.png,640843
captcha_2239.png,659229
captcha_2240.png,309919
captcha_2241.png,432609
captcha_2242.png,100839
captcha_2243.png,706618
captcha_2244.png,952043
captcha_2245.png,109291
captcha_2246.png,230500
captcha_2247.png,976041
captcha_2248.png,248205
captcha_2249.png,750946
captcha_2250.png,403006
captcha_2251.png,534171
captcha_2252.png,047909
captcha_2253.png,327937
captcha_2254.png,188372
captcha_2255.png,707710
captcha_2256.png,681891
captcha_2257.png,116453
captcha_2258.png,359143
captcha_2259.png,399871
captcha_2260.png,510960
captcha_2261.png,569028
captcha_2262.png,064060
captcha_2263.png,368709
captcha_2264.png,368885
captcha_2265.png,490598
captcha_2266.png,862073
captcha_2267.png,491267
captcha_2268.png,368885
captcha_2269.png,900000
captcha_2270.png,202135
captcha_2271.png,712060
captcha_2272.png,846618
captcha_2273.png,681228
captcha_2274.png,161664
captcha_2275.png,387070
captcha_2276.png,396201
captcha_2277.png,914101
captcha_2278.png,208284
captcha_2279.png,936953
captcha_2280.png,559863
captcha_2281.png,201846
captcha_2282.png,052105
captcha_2283.png,707377
captcha_2284.png,714039
captcha_2285.png,460683
captcha_2286.png,433905
captcha_2287.png,457271
captcha_2288.png,829770
captcha_2289.png,564125
captcha_2290.png,458759
captcha_2291.png,100042
captcha_2292.png,813469
captcha_2293.png,809197
captcha_2294.png,067382
captcha_2295.png,071681
captcha_2296.png,920266
captcha_2297.png,214195
captcha_2298.png,935025
captcha_2299.png,644667
captcha_2300.png,399575
captcha_2301.png,783262
captcha_2302.png,307028
captcha_2303.png,197791
captcha_2304.png,434708
captcha_2305.png,305580
captcha_2306.png,203010
captcha_2307.png,001468
captcha_2308.png,583899
captcha_2309.png,606589
captcha_2310.png,490406
captcha_2311.png,963750
captcha_2312.png,540682
captcha_2313.png,558290
captcha_2314.png,558290
captcha_2315.png,567510
captcha_2316.png,690200
captcha_2317.png,711309
captcha_2318.png,000976
captcha_2319.png,852705
captcha_2320.png,985717
captcha_2321.png,851080
captcha_2322.png,645450
captcha_2323.png,529532
captcha_2324.png,270814
captcha_2325.png,651309
captcha_2326.png,900239
captcha_2327.png,189354
captcha_2328.png,070010
captcha_2329.png,814894
captcha_2330.png,103053
captcha_2331.png,583860
captcha_2332.png,730095
captcha_2333.png,234427
captcha_2334.png,000046
captcha_2335.png,879176
captcha_2336.png,282530
captcha_2337.png,026360
captcha_2338.png,652401
captcha_2339.png,040992
captcha_2340.png,685554
captcha_2341.png,924018
captcha_2342.png,685554
captcha_2343.png,963054
captcha_2344.png,098359
captcha_2345.png,980060
captcha_2346.png,127218
captcha_2347.png,010775
captcha_2348.png,042455
captcha_2349.png,390481
captcha_2350.png,505770
captcha_2351.png,481102
captcha_2352.png,860471
captcha_2353.png,140400
captcha_2354.png,140400
captcha_2355.png,791174
captcha_2356.png,690472
captcha_2357.png,062726
captcha_2358.png,102277
captcha_2359.png,226835
captcha_2360.png,234442
captcha_2361.png,234442
captcha_2362.png,140690
captcha_2363.png,407937
captcha_2364.png,403852
captcha_2365.png,678272
captcha_2366.png,073431
captcha_2367.png,594611
captcha_2368.png,204044
captcha_2369.png,550270
captcha_2370.png,202253
captcha_2371.png,200269
captcha_2372.png,506111
captcha_2373.png,987707
captcha_2374.png,507990
captcha_2375.png,258403
captcha_2376.png,481061
captcha_2377.png,800859
captcha_2378.png,272103
captcha_2379.png,429374
captcha_2380.png,778915
captcha_2381.png,049313
captcha_2382.png,575004
captcha_2383.png,070884
captcha_2384.png,584370
captcha_2385.png,609453
captcha_2386.png,089490
captcha_2387.png,730927
captcha_2388.png,730081
captcha_2389.png,663001
captcha_2390.png,539608
captcha_2391.png,794087
captcha_2392.png,167100
captcha_2393.png,452539
captcha_2394.png,112206
captcha_2395.png,832245
captcha_2396.png,128420
captcha_2397.png,385600
captcha_2398.png,004116
captcha_2399.png,002501
captcha_2400.png,416098
captcha_2401.png,392385
captcha_2402.png,176919
captcha_2403.png,208007
captcha_2404.png,710802
captcha_2405.png,470325
captcha_2406.png,501809
captcha_2407.png,725103
captcha_2408.png,868014
captcha_2409.png,190444
captcha_2410.png,437383
captcha_2411.png,190510
captcha_2412.png,210763
captcha_2413.png,579626
captcha_2414.png,958805
captcha_2415.png,485541
captcha_2416.png,865402
captcha_2417.png,098346
captcha_2418.png,378220
captcha_2419.png,904361
captcha_2420.png,889597
captcha_2421.png,910652
captcha_2422.png,315619
captcha_2423.png,671044
captcha_2424.png,315706
captcha_2425.png,050103
captcha_2426.png,106793
captcha_2427.png,975769
captcha_2428.png,090140
captcha_2429.png,379000
captcha_2430.png,400651
captcha_2431.png,400651
captcha_2432.png,177003
captcha_2433.png,920096
captcha_2434.png,680720
captcha_2435.png,698293
captcha_2436.png,077452
captcha_2437.png,470971
captcha_2438.png,850064
captcha_2439.png,009628
captcha_2440.png,642698
captcha_2441.png,497041
captcha_2442.png,302189
captcha_2443.png,527747
captcha_2444.png,566506
captcha_2445.png,070894
captcha_2446.png,103407
captcha_2447.png,811009
captcha_2448.png,612140
captcha_2449.png,612117
captcha_2450.png,017404
captcha_2451.png,000861
captcha_2452.png,330167
captcha_2453.png,105084
captcha_2454.png,461232
captcha_2455.png,370861
captcha_2456.png,880075
captcha_2457.png,757594
captcha_2458.png,981810
captcha_2459.png,179466
captcha_2460.png,076035
captcha_2461.png,121913
captcha_2462.png,866661
captcha_2463.png,733640
captcha_2464.png,146545
captcha_2465.png,061769
captcha_2466.png,038200
captcha_2467.png,060386
captcha_2468.png,060386
captcha_2469.png,045126
captcha_2470.png,798055
captcha_2471.png,580580
captcha_2472.png,568613
captcha_2473.png,947728
captcha_2474.png,010100
captcha_2475.png,095819
captcha_2476.png,710653
captcha_2477.png,604470
captcha_2478.png,348200
captcha_2479.png,356785
captcha_2480.png,500618
captcha_2481.png,510871
captcha_2482.png,270208
captcha_2483.png,469867
captcha_2484.png,098359
captcha_2485.png,624568
captcha_2486.png,763417
captcha_2487.png,010775
captcha_2488.png,415709
captcha_2489.png,300559
captcha_2490.png,649267
captcha_2491.png,390304
captcha_2492.png,505848
captcha_2493.png,017720
captcha_2494.png,643851
captcha_2495.png,642083
captcha_2496.png,429601
captcha_2497.png,529525
captcha_2498.png,071980
captcha_2499.png,600627
captcha_2500.png,070256
captcha_2501.png,070289
captcha_2502.png,228206
captcha_2503.png,956029
captcha_2504.png,739309
captcha_2505.png,861243
captcha_2506.png,407860
captcha_2507.png,860574
captcha_2508.png,141280
captcha_2509.png,879269
captcha_2510.png,407937
captcha_2511.png,918963
captcha_2512.png,104094
captcha_2513.png,102523
captcha_2514.png,243008
captcha_2515.png,476797
captcha_2516.png,980052
captcha_2517.png,857427
captcha_2518.png,308004
captcha_2519.png,175214
captcha_2520.png,880027
captcha_2521.png,628163
captcha_2522.png,417203
captcha_2523.png,336294
captcha_2524.png,848210
captcha_2525.png,542663
captcha_2526.png,054012
captcha_2527.png,707005
captcha_2528.png,004804
captcha_2529.png,622473
captcha_2530.png,018570
captcha_2531.png,275742
captcha_2532.png,894244
captcha_2533.png,770930
captcha_2534.png,390089
captcha_2535.png,203087
captcha_2536.png,437545
captcha_2537.png,066816
captcha_2538.png,940964
captcha_2539.png,817406
captcha_2540.png,493233
captcha_2541.png,484868
captcha_2542.png,360785
captcha_2543.png,608547
captcha_2544.png,864718
captcha_2545.png,042769
captcha_2546.png,704741
captcha_2547.png,448570
captcha_2548.png,200608
captcha_2549.png,290454
captcha_2550.png,041836
captcha_2551.png,109007
captcha_2552.png,740660
captcha_2553.png,502808
captcha_2554.png,020300
captcha_2555.png,552676
captcha_2556.png,029853
captcha_2557.png,409968
captcha_2558.png,038206
captcha_2559.png,681352
captcha_2560.png,060609
captcha_2561.png,936130
captcha_2562.png,565666
captcha_2563.png,564810
captcha_2564.png,770332
captcha_2565.png,042696
captcha_2566.png,727281
captcha_2567.png,925066
captcha_2568.png,181391
captcha_2569.png,430254
captcha_2570.png,694196
captcha_2571.png,570705
captcha_2572.png,603504
captcha_2573.png,600189
captcha_2574.png,500597
captcha_2575.png,011469
captcha_2576.png,905771
captcha_2577.png,780511
captcha_2578.png,309004
captcha_2579.png,308335
captcha_2580.png,035212
captcha_2581.png,084072
captcha_2582.png,952205
captcha_2583.png,969153
captcha_2584.png,968606
captcha_2585.png,597054
captcha_2586.png,116401
captcha_2587.png,968452
captcha_2588.png,162968
captcha_2589.png,768089
captcha_2590.png,396570
captcha_2591.png,532829
captcha_2592.png,162012
captcha_2593.png,807851
captcha_2594.png,325684
captcha_2595.png,682457
captcha_2596.png,086043
captcha_2597.png,341754
captcha_2598.png,340052
captcha_2599.png,125980
captcha_2600.png,123332
captcha_2601.png,984955
captcha_2602.png,502448
captcha_2603.png,263993
captcha_2604.png,900247
captcha_2605.png,809488
captcha_2606.png,056671
captcha_2607.png,650860
captcha_2608.png,568477
captcha_2609.png,791002
captcha_2610.png,434095
captcha_2611.png,821894
captcha_2612.png,070359
captcha_2613.png,070271
captcha_2614.png,368849
captcha_2615.png,730247
captcha_2616.png,087418
captcha_2617.png,738887
captcha_2618.png,221269
captcha_2619.png,705103
captcha_2620.png,323806
captcha_2621.png,843130
captcha_2622.png,843130
captcha_2623.png,254310
captcha_2624.png,904165
captcha_2625.png,155820
captcha_2626.png,750610
captcha_2627.png,164030
captcha_2628.png,055026
captcha_2629.png,202043
captcha_2630.png,202374
captcha_2631.png,087114
captcha_2632.png,509240
captcha_2633.png,149249
captcha_2634.png,908060
captcha_2635.png,061323
captcha_2636.png,441294
captcha_2637.png,740025
captcha_2638.png,378604
captcha_2639.png,087701
captcha_2640.png,737469
captcha_2641.png,094563
captcha_2642.png,771231
captcha_2643.png,200098
captcha_2644.png,750300
captcha_2645.png,330207
captcha_2646.png,030183
captcha_2647.png,215433
captcha_2648.png,080264
captcha_2649.png,488773
captcha_2650.png,004897
captcha_2651.png,590478
captcha_2652.png,127753
captcha_2653.png,854487
captcha_2654.png,300399
captcha_2655.png,041353
captcha_2656.png,803490
captcha_2657.png,017971
captcha_2658.png,025401
captcha_2659.png,991060
captcha_2660.png,489410
captcha_2661.png,702307
captcha_2662.png,447927
captcha_2663.png,056002
captcha_2664.png,435107
captcha_2665.png,700235
captcha_2666.png,195951
captcha_2667.png,461527
captcha_2668.png,370134
captcha_2669.png,812851
captcha_2670.png,386040
captcha_2671.png,095324
captcha_2672.png,017268
captcha_2673.png,023405
captcha_2674.png,380509
captcha_2675.png,563210
captcha_2676.png,049706
captcha_2677.png,296822
captcha_2678.png,089334
captcha_2679.png,500700
captcha_2680.png,847708
captcha_2681.png,125021
captcha_2682.png,434564
captcha_2683.png,317075
captcha_2684.png,459163
captcha_2685.png,817404
captcha_2686.png,072993
captcha_2687.png,212703
captcha_2688.png,220541
captcha_2689.png,950835
captcha_2690.png,006060
captcha_2691.png,998849
captcha_2692.png,865059
captcha_2693.png,144305
captcha_2694.png,904095
captcha_2695.png,400490
captcha_2696.png,430017
captcha_2697.png,037852
captcha_2698.png,430271
captcha_2699.png,521167
captcha_2700.png,159067
captcha_2701.png,298093
captcha_2702.png,310783
captcha_2703.png,329390
captcha_2704.png,924059
captcha_2705.png,460234
captcha_2706.png,006829
captcha_2707.png,505920
captcha_2708.png,385934
captcha_2709.png,762001
captcha_2710.png,370839
captcha_2711.png,388369
captcha_2712.png,625462
captcha_2713.png,387054
captcha_2714.png,162840
captcha_2715.png,704017
captcha_2716.png,565463
captcha_2717.png,151363
captcha_2718.png,307074
captcha_2719.png,169389
captcha_2720.png,068500
captcha_2721.png,291145
captcha_2722.png,107613
captcha_2723.png,968082
captcha_2724.png,247141
captcha_2725.png,245704
captcha_2726.png,120213
captcha_2727.png,981836
captcha_2728.png,160150
captcha_2729.png,201315
captcha_2730.png,053530
captcha_2731.png,209086
captcha_2732.png,697500
captcha_2733.png,710366
captcha_2734.png,215300
captcha_2735.png,727281
captcha_2736.png,444767
captcha_2737.png,576689
captcha_2738.png,089406
captcha_2739.png,089329
captcha_2740.png,142670
captcha_2741.png,522608
captcha_2742.png,904884
captcha_2743.png,886630
captcha_2744.png,166500
captcha_2745.png,660799
captcha_2746.png,105504
captcha_2747.png,237602
captcha_2748.png,832338
captcha_2749.png,005822
captcha_2750.png,500866
captcha_2751.png,003330
captcha_2752.png,002660
captcha_2753.png,549024
captcha_2754.png,010278
captcha_2755.png,423941
captcha_2756.png,007995
captcha_2757.png,353200
captcha_2758.png,867883
captcha_2759.png,003109
captcha_2760.png,010992
captcha_2761.png,010816
captcha_2762.png,308460
captcha_2763.png,789012
captcha_2764.png,810265
captcha_2765.png,323861
captcha_2766.png,750410
captcha_2767.png,246000
captcha_2768.png,021840
captcha_2769.png,038900
captcha_2770.png,920445
captcha_2771.png,003713
captcha_2772.png,250061
captcha_2773.png,988871
captcha_2774.png,895633
captcha_2775.png,804931
captcha_2776.png,770604
captcha_2777.png,421764
captcha_2778.png,801702
captcha_2779.png,068028
captcha_2780.png,199347
captcha_2781.png,220677
captcha_2782.png,007054
captcha_2783.png,004749
captcha_2784.png,517543
captcha_2785.png,640300
captcha_2786.png,902573
captcha_2787.png,035408
captcha_2788.png,084444
captcha_2789.png,703705
captcha_2790.png,967801
captcha_2791.png,834199
captcha_2792.png,361099
captcha_2793.png,976287
captcha_2794.png,627712
captcha_2795.png,394151
captcha_2796.png,202935
captcha_2797.png,912074
captcha_2798.png,323000
captcha_2799.png,929077
captcha_2800.png,331794
captcha_2801.png,712424
captcha_2802.png,473883
captcha_2803.png,844445
captcha_2804.png,077125
captcha_2805.png,984919
captcha_2806.png,007853
captcha_2807.png,860836
captcha_2808.png,014547
captcha_2809.png,643061
captcha_2810.png,396978
captcha_2811.png,669330
captcha_2812.png,039147
captcha_2813.png,947853
captcha_2814.png,575422
captcha_2815.png,657163
captcha_2816.png,293372
captcha_2817.png,284141
captcha_2818.png,044731
captcha_2819.png,819726
captcha_2820.png,835805
captcha_2821.png,601237
captcha_2822.png,018694
captcha_2823.png,560321
captcha_2824.png,577247
captcha_2825.png,800373
captcha_2826.png,576622
captcha_2827.png,955738
captcha_2828.png,001130
captcha_2829.png,027531
captcha_2830.png,870414
captcha_2831.png,863921
captcha_2832.png,400800
captcha_2833.png,042855
captcha_2834.png,795661
captcha_2835.png,308725
captcha_2836.png,796094
captcha_2837.png,967531
captcha_2838.png,454345
captcha_2839.png,718900
captcha_2840.png,831436
captcha_2841.png,502971
captcha_2842.png,765434
captcha_2843.png,400066
captcha_2844.png,899002
captcha_2845.png,763907
captcha_2846.png,417059
captcha_2847.png,431358
captcha_2848.png,680033
captcha_2849.png,540147
captcha_2850.png,187024
captcha_2851.png,094996
captcha_2852.png,216820
captcha_2853.png,340365
captcha_2854.png,014809
captcha_2855.png,147421
captcha_2856.png,097905
captcha_2857.png,862591
captcha_2858.png,484655
captcha_2859.png,517509
captcha_2860.png,749774
captcha_2861.png,522900
captcha_2862.png,848315
captcha_2863.png,000810
captcha_2864.png,483096
captcha_2865.png,988020
captcha_2866.png,417040
captcha_2867.png,626619
captcha_2868.png,209038
captcha_2869.png,019629
captcha_2870.png,506433
captcha_2871.png,306328
captcha_2872.png,202267
captcha_2873.png,819489
captcha_2874.png,080795
captcha_2875.png,047179
captcha_2876.png,920559
captcha_2877.png,559073
captcha_2878.png,120060
captcha_2879.png,868047
captcha_2880.png,138920
captcha_2881.png,100940
captcha_2882.png,037337
captcha_2883.png,351506
captcha_2884.png,002041
captcha_2885.png,856103
captcha_2886.png,360777
captcha_2887.png,334790
captcha_2888.png,705342
captcha_2889.png,143070
captcha_2890.png,200209
captcha_2891.png,939657
captcha_2892.png,515300
captcha_2893.png,094435
captcha_2894.png,284477
captcha_2895.png,093689
captcha_2896.png,036681
captcha_2897.png,000759
captcha_2898.png,796359
captcha_2899.png,796271
captcha_2900.png,860271
captcha_2901.png,827755
captcha_2902.png,995086
captcha_2903.png,274245
captcha_2904.png,779201
captcha_2905.png,006200
captcha_2906.png,409706
captcha_2907.png,004762
captcha_2908.png,210801
captcha_2909.png,759516
captcha_2910.png,825053
captcha_2911.png,600827
captcha_2912.png,351262
captcha_2913.png,236180
captcha_2914.png,608765
captcha_2915.png,001020
captcha_2916.png,808520
captcha_2917.png,607910
captcha_2918.png,747460
captcha_2919.png,937302
captcha_2920.png,026552
captcha_2921.png,282988
captcha_2922.png,698002
captcha_2923.png,034160
captcha_2924.png,532941
captcha_2925.png,003413
captcha_2926.png,126059
captcha_2927.png,258200
captcha_2928.png,706005
captcha_2929.png,258388
captcha_2930.png,133074
captcha_2931.png,009747
captcha_2932.png,075120
captcha_2933.png,645879
captcha_2934.png,589562
captcha_2935.png,950015
captcha_2936.png,025983
captcha_2937.png,596156
captcha_2938.png,272923
captcha_2939.png,091367
captcha_2940.png,932678
captcha_2941.png,247770
captcha_2942.png,370482
captcha_2943.png,379935
captcha_2944.png,504018
captcha_2945.png,759806
captcha_2946.png,343958
captcha_2947.png,162215
captcha_2948.png,105096
captcha_2949.png,766667
captcha_2950.png,957344
captcha_2951.png,722017
captcha_2952.png,001088
captcha_2953.png,236460
captcha_2954.png,128027
captcha_2955.png,980309
captcha_2956.png,944000
captcha_2957.png,079328
captcha_2958.png,762943
captcha_2959.png,648461
captcha_2960.png,996257
captcha_2961.png,042804
captcha_2962.png,230054
captcha_2963.png,230054
captcha_2964.png,230054
captcha_2965.png,248992
captcha_2966.png,438901
captcha_2967.png,405900
captcha_2968.png,403449
captcha_2969.png,212906
captcha_2970.png,345840
captcha_2971.png,142798
captcha_2972.png,051077
captcha_2973.png,027781
captcha_2974.png,745350
captcha_2975.png,374952
captcha_2976.png,463026
captcha_2977.png,000158
captcha_2978.png,503687
captcha_2979.png,356637
captcha_2980.png,312198
captcha_2981.png,298630
captcha_2982.png,007150
captcha_2983.png,917209
captcha_2984.png,263409
captcha_2985.png,262652
captcha_2986.png,708372
captcha_2987.png,775524
captcha_2988.png,774601
captcha_2989.png,099025
captcha_2990.png,805921
captcha_2991.png,030302
captcha_2992.png,128961
captcha_2993.png,756386
captcha_2994.png,128961
captcha_2995.png,566444
captcha_2996.png,508678
captcha_2997.png,857055
captcha_2998.png,260982
captcha_2999.png,268268
captcha_3000.png,953310
captcha_3001.png,234972
captcha_3002.png,100250
captcha_3003.png,020119
captcha_3004.png,106923
captcha_3005.png,578023
captcha_3006.png,254777
captcha_3007.png,680540
captcha_3008.png,766659
captcha_3009.png,350866
captcha_3010.png,185838
captcha_3011.png,046500
captcha_3012.png,201167
captcha_3013.png,052458
captcha_3014.png,513007
captcha_3015.png,900419
captcha_3016.png,473883
captcha_3017.png,310621
captcha_3018.png,005751
captcha_3019.png,076389
captcha_3020.png,510949
captcha_3021.png,519170
captcha_3022.png,130234
captcha_3023.png,778443
captcha_3024.png,105158
captcha_3025.png,642348
captcha_3026.png,237246
captcha_3027.png,083955
captcha_3028.png,317150
captcha_3029.png,357888
captcha_3030.png,002391
captcha_3031.png,648409
captcha_3032.png,999367
captcha_3033.png,875985
captcha_3034.png,584685
captcha_3035.png,947166
captcha_3036.png,737539
captcha_3037.png,558942
captcha_3038.png,744145
captcha_3039.png,935000
captcha_3040.png,498041
captcha_3041.png,745091
captcha_3042.png,157973
captcha_3043.png,941002
captcha_3044.png,157017
captcha_3045.png,009274
captcha_3046.png,060979
captcha_3047.png,299116
captcha_3048.png,563143
captcha_3049.png,077409
captcha_3050.png,354753
captcha_3051.png,495072
captcha_3052.png,500454
captcha_3053.png,923887
captcha_3054.png,361437
captcha_3055.png,203815
captcha_3056.png,335759
captcha_3057.png,100422
captcha_3058.png,873540
captcha_3059.png,095580
captcha_3060.png,475464
captcha_3061.png,783682
captcha_3062.png,302184
captcha_3063.png,055936
captcha_3064.png,387010
captcha_3065.png,971087
captcha_3066.png,791045
captcha_3067.png,972822
captcha_3068.png,633412
captcha_3069.png,228585
captcha_3070.png,260400
captcha_3071.png,450410
captcha_3072.png,583988
captcha_3073.png,953839
captcha_3074.png,176714
captcha_3075.png,557277
captcha_3076.png,365710
captcha_3077.png,746440
captcha_3078.png,746440
captcha_3079.png,562500
captcha_3080.png,563346
captcha_3081.png,562678
captcha_3082.png,603810
captcha_3083.png,007239
captcha_3084.png,893861
captcha_3085.png,206667
captcha_3086.png,544429
captcha_3087.png,014178
captcha_3088.png,876536
captcha_3089.png,875878
captcha_3090.png,103328
captcha_3091.png,526126
captcha_3092.png,335670
captcha_3093.png,110598
captcha_3094.png,062490
captcha_3095.png,134845
captcha_3096.png,807030
captcha_3097.png,186079
captcha_3098.png,051764
captcha_3099.png,095358
captcha_3100.png,408162
captcha_3101.png,711663
captcha_3102.png,900682
captcha_3103.png,066382
captcha_3104.png,033770
captcha_3105.png,827906
captcha_3106.png,777505
captcha_3107.png,396952
captcha_3108.png,651586
captcha_3109.png,023930
captcha_3110.png,840750
captcha_3111.png,840904
captcha_3112.png,379583
captcha_3113.png,301320
captcha_3114.png,029173
captcha_3115.png,219192
captcha_3116.png,004913
captcha_3117.png,500725
captcha_3118.png,350666
captcha_3119.png,070705
captcha_3120.png,079936
captcha_3121.png,234483
captcha_3122.png,200043
captcha_3123.png,209320
captcha_3124.png,557114
captcha_3125.png,680136
captcha_3126.png,208650
captcha_3127.png,936450
captcha_3128.png,700201
captcha_3129.png,091185
captcha_3130.png,216411
captcha_3131.png,031704
captcha_3132.png,489752
captcha_3133.png,164406
captcha_3134.png,982071
captcha_3135.png,678826
captcha_3136.png,452051
captcha_3137.png,700847
captcha_3138.png,700847
captcha_3139.png,684095
captcha_3140.png,707785
captcha_3141.png,302738
captcha_3142.png,906002
captcha_3143.png,300344
captcha_3144.png,039892
captcha_3145.png,242424
captcha_3146.png,060968
captcha_3147.png,574200
captcha_3148.png,045885
captcha_3149.png,573530
captcha_3150.png,180012
captcha_3151.png,379162
captcha_3152.png,758355
captcha_3153.png,160028
captcha_3154.png,409890
captcha_3155.png,229026
captcha_3156.png,395222
captcha_3157.png,087079
captcha_3158.png,910695
captcha_3159.png,179602
captcha_3160.png,367007
captcha_3161.png,010090
captcha_3162.png,929380
captcha_3163.png,027929
captcha_3164.png,746276
captcha_3165.png,887519
captcha_3166.png,463019
captcha_3167.png,539800
captcha_3168.png,710510
captcha_3169.png,895125
captcha_3170.png,299400
captcha_3171.png,727128
captcha_3172.png,417589
captcha_3173.png,772280
captcha_3174.png,738918
captcha_3175.png,044600
captcha_3176.png,423726
captcha_3177.png,584295
captcha_3178.png,557361
captcha_3179.png,557361
captcha_3180.png,185886
captcha_3181.png,097969
captcha_3182.png,697090
captcha_3183.png,068497
captcha_3184.png,900467
captcha_3185.png,095653
captcha_3186.png,661825
captcha_3187.png,157638
captcha_3188.png,008015
captcha_3189.png,488086
captcha_3190.png,720300
captcha_3191.png,859606
captcha_3192.png,733522
captcha_3193.png,320100
captcha_3194.png,500074
captcha_3195.png,012892
captcha_3196.png,532726
captcha_3197.png,250646
captcha_3198.png,829525
captcha_3199.png,040897
captcha_3200.png,230407
captcha_3201.png,084226
captcha_3202.png,654029
captcha_3203.png,230883
captcha_3204.png,090219
captcha_3205.png,967783
captcha_3206.png,022230
captcha_3207.png,008157
captcha_3208.png,759770
captcha_3209.png,533510
captcha_3210.png,600840
captcha_3211.png,351262
captcha_3212.png,089240
captcha_3213.png,808475
captcha_3214.png,098471
captcha_3215.png,681755
captcha_3216.png,904497
captcha_3217.png,681900
captcha_3218.png,085008
captcha_3219.png,937489
captcha_3220.png,530904
captcha_3221.png,654209
captcha_3222.png,305677
captcha_3223.png,796550
captcha_3224.png,481382
captcha_3225.png,041020
captcha_3226.png,008337
captcha_3227.png,041020
captcha_3228.png,869872
captcha_3229.png,017712
captcha_3230.png,644777
captcha_3231.png,106062
captcha_3232.png,048019
captcha_3233.png,967244
captcha_3234.png,785010
captcha_3235.png,427057
captcha_3236.png,618934
captcha_3237.png,974160
captcha_3238.png,974160
captcha_3239.png,981020
captcha_3240.png,253429
captcha_3241.png,387098
captcha_3242.png,443203
captcha_3243.png,182565
captcha_3244.png,091600
captcha_3245.png,248170
captcha_3246.png,743081
captcha_3247.png,404340
captcha_3248.png,742290
captcha_3249.png,209993
captcha_3250.png,212016
captcha_3251.png,155930
captcha_3252.png,907222
captcha_3253.png,039233
captcha_3254.png,030002
captcha_3255.png,098987
captcha_3256.png,964340
captcha_3257.png,964340
captcha_3258.png,479793
captcha_3259.png,090055
captcha_3260.png,062044
captcha_3261.png,060352
captcha_3262.png,709186
captcha_3263.png,194098
captcha_3264.png,500090
captcha_3265.png,407707
captcha_3266.png,400644
captcha_3267.png,600331
captcha_3268.png,600409
captcha_3269.png,549949
captcha_3270.png,896989
captcha_3271.png,010347
captcha_3272.png,490227
captcha_3273.png,920901
captcha_3274.png,002990
captcha_3275.png,520878
captcha_3276.png,605722
captcha_3277.png,347874
captcha_3278.png,660650
captcha_3279.png,164693
captcha_3280.png,935457
captcha_3281.png,354535
captcha_3282.png,058073
captcha_3283.png,733640
captcha_3284.png,660060
captcha_3285.png,909429
captcha_3286.png,064099
captcha_3287.png,873279
captcha_3288.png,590198
captcha_3289.png,300256
captcha_3290.png,460024
captcha_3291.png,658273
captcha_3292.png,057860
captcha_3293.png,309963
captcha_3294.png,507268
captcha_3295.png,287320
captcha_3296.png,383886
captcha_3297.png,391239
captcha_3298.png,325000
captcha_3299.png,383263
captcha_3300.png,101006
captcha_3301.png,102808
captcha_3302.png,001097
captcha_3303.png,925209
captcha_3304.png,100337
captcha_3305.png,804544
captcha_3306.png,213887
captcha_3307.png,208030
captcha_3308.png,932148
captcha_3309.png,809766
captcha_3310.png,346590
captcha_3311.png,627287
captcha_3312.png,156701
captcha_3313.png,534115
captcha_3314.png,542500
captcha_3315.png,542678
captcha_3316.png,352736
captcha_3317.png,360199
captcha_3318.png,030250
captcha_3319.png,859026
captcha_3320.png,334333
captcha_3321.png,559660
captcha_3322.png,468023
captcha_3323.png,276590
captcha_3324.png,260085
captcha_3325.png,450695
captcha_3326.png,453610
captcha_3327.png,313402
captcha_3328.png,708802
captcha_3329.png,771034
captcha_3330.png,439975
captcha_3331.png,819759
captcha_3332.png,958608
captcha_3333.png,410803
captcha_3334.png,296245
captcha_3335.png,229160
captcha_3336.png,229160
captcha_3337.png,170494
captcha_3338.png,865379
captcha_3339.png,136021
captcha_3340.png,681442
captcha_3341.png,872063
captcha_3342.png,906611
captcha_3343.png,905007
captcha_3344.png,219408
captcha_3345.png,475800
captcha_3346.png,910211
captcha_3347.png,449044
captcha_3348.png,043232
captcha_3349.png,425232
captcha_3350.png,638705
captcha_3351.png,093501
captcha_3352.png,646466
captcha_3353.png,836253
captcha_3354.png,960702
captcha_3355.png,230364
captcha_3356.png,801012
captcha_3357.png,260323
captcha_3358.png,540505
captcha_3359.png,577517
captcha_3360.png,548990
captcha_3361.png,739501
captcha_3362.png,367335
captcha_3363.png,375041
captcha_3364.png,241406
captcha_3365.png,330800
captcha_3366.png,096337
captcha_3367.png,192960
captcha_3368.png,702498
captcha_3369.png,605434
captcha_3370.png,903020
captcha_3371.png,886222
captcha_3372.png,710940
captcha_3373.png,355101
captcha_3374.png,124360
captcha_3375.png,311662
captcha_3376.png,206667
captcha_3377.png,270580
captcha_3378.png,519442
captcha_3379.png,917951
captcha_3380.png,130760
captcha_3381.png,131108
captcha_3382.png,089090
captcha_3383.png,824044
captcha_3384.png,833021
captcha_3385.png,020656
captcha_3386.png,309683
captcha_3387.png,906164
captcha_3388.png,600506
captcha_3389.png,369159
captcha_3390.png,295636
captcha_3391.png,326999
captcha_3392.png,507421
captcha_3393.png,326999
captcha_3394.png,094785
captcha_3395.png,887113
captcha_3396.png,282080
captcha_3397.png,728722
captcha_3398.png,122799
captcha_3399.png,504010
captcha_3400.png,250973
captcha_3401.png,636108
captcha_3402.png,502727
captcha_3403.png,015300
captcha_3404.png,048234
captcha_3405.png,637696
captcha_3406.png,148090
captcha_3407.png,304305
captcha_3408.png,808901
captcha_3409.png,967165
captcha_3410.png,300652
captcha_3411.png,806364
captcha_3412.png,062944
captcha_3413.png,758775
captcha_3414.png,252709
captcha_3415.png,813126
captcha_3416.png,070550
captcha_3417.png,227645
captcha_3418.png,630109
captcha_3419.png,160714
captcha_3420.png,691779
captcha_3421.png,225184
captcha_3422.png,609520
captcha_3423.png,549806
captcha_3424.png,080182
captcha_3425.png,499415
captcha_3426.png,069240
captcha_3427.png,069240
captcha_3428.png,879209
captcha_3429.png,938409
captcha_3430.png,290580
captcha_3431.png,902244
captcha_3432.png,208360
captcha_3433.png,216076
captcha_3434.png,844645
captcha_3435.png,844578
captcha_3436.png,124439
captcha_3437.png,701538
captcha_3438.png,519203
captcha_3439.png,990097
captcha_3440.png,709145
captcha_3441.png,917021
captcha_3442.png,909241
captcha_3443.png,707862
captcha_3444.png,830398
captcha_3445.png,715215
captcha_3446.png,433903
captcha_3447.png,461847
captcha_3448.png,309753
captcha_3449.png,974598
captcha_3450.png,783954
captcha_3451.png,136650
captcha_3452.png,382908
captcha_3453.png,820702
captcha_3454.png,250295
captcha_3455.png,101331
captcha_3456.png,761002
captcha_3457.png,224108
captcha_3458.png,085644
captcha_3459.png,546061
captcha_3460.png,602478
captcha_3461.png,580788
captcha_3462.png,422602
captcha_3463.png,599063
captcha_3464.png,598395
captcha_3465.png,206751
captcha_3466.png,978179
captcha_3467.png,933960
captcha_3468.png,156591
captcha_3469.png,065804
captcha_3470.png,023802
captcha_3471.png,000343
captcha_3472.png,535607
captcha_3473.png,074180
captcha_3474.png,725616
captcha_3475.png,726240
captcha_3476.png,579213
captcha_3477.png,039049
captcha_3478.png,600211
captcha_3479.png,170114
captcha_3480.png,202102
captcha_3481.png,326693
captcha_3482.png,326693
captcha_3483.png,087360
captcha_3484.png,880957
captcha_3485.png,252288
captcha_3486.png,911321
captcha_3487.png,417033
captcha_3488.png,963300
captcha_3489.png,350035
captcha_3490.png,672790
captcha_3491.png,209053
captcha_3492.png,142747
captcha_3493.png,409918
captcha_3494.png,698212
captcha_3495.png,661467
captcha_3496.png,547130
captcha_3497.png,255773
captcha_3498.png,312849
captcha_3499.png,320389
captcha_3500.png,074030
captcha_3501.png,992729
captcha_3502.png,207074
captcha_3503.png,877700
captcha_3504.png,868579
captcha_3505.png,991950
captcha_3506.png,080023
captcha_3507.png,246824
captcha_3508.png,270041
captcha_3509.png,909975
captcha_3510.png,435007
captcha_3511.png,807405
captcha_3512.png,111420
captcha_3513.png,039503
captcha_3514.png,300924
captcha_3515.png,624170
captcha_3516.png,196366
captcha_3517.png,120103
captcha_3518.png,037075
captcha_3519.png,251070
captcha_3520.png,980727
captcha_3521.png,632887
captcha_3522.png,573165
captcha_3523.png,764875
captcha_3524.png,234600
captcha_3525.png,549957
captcha_3526.png,414465
captcha_3527.png,547232
captcha_3528.png,590158
captcha_3529.png,184397
captcha_3530.png,094345
captcha_3531.png,051674
captcha_3532.png,554170
captcha_3533.png,960064
captcha_3534.png,696236
captcha_3535.png,215607
captcha_3536.png,280309
captcha_3537.png,570163
captcha_3538.png,561031
captcha_3539.png,719103
captcha_3540.png,602251
captcha_3541.png,603007
captcha_3542.png,310940
captcha_3543.png,601560
captcha_3544.png,173900
captcha_3545.png,678108
captcha_3546.png,139791
captcha_3547.png,922909
captcha_3548.png,261481
captcha_3549.png,279142
captcha_3550.png,153214
captcha_3551.png,715587
captcha_3552.png,005370
captcha_3553.png,613040
captcha_3554.png,621502
captcha_3555.png,251873
captcha_3556.png,440891
captcha_3557.png,573803
captcha_3558.png,829105
captcha_3559.png,458720
captcha_3560.png,391247
captcha_3561.png,639263
captcha_3562.png,212039
captcha_3563.png,973727
captcha_3564.png,389725
captcha_3565.png,913396
captcha_3566.png,948781
captcha_3567.png,723786
captcha_3568.png,161413
captcha_3569.png,005020
captcha_3570.png,352057
captcha_3571.png,178251
captcha_3572.png,202800
captcha_3573.png,054947
captcha_3574.png,730470
captcha_3575.png,426114
captcha_3576.png,143010
captcha_3577.png,523071
captcha_3578.png,142406
captcha_3579.png,523071
captcha_3580.png,094408
captcha_3581.png,306439
captcha_3582.png,720851
captcha_3583.png,306505
captcha_3584.png,729391
captcha_3585.png,256114
captcha_3586.png,480673
captcha_3587.png,075404
captcha_3588.png,266279
captcha_3589.png,703150
captcha_3590.png,778140
captcha_3591.png,992488
captcha_3592.png,833701
captcha_3593.png,106723
captcha_3594.png,397511
captcha_3595.png,270747
captcha_3596.png,271660
captcha_3597.png,840617
captcha_3598.png,593600
captcha_3599.png,120500
captcha_3600.png,310506
captcha_3601.png,005659
captcha_3602.png,252411
captcha_3603.png,600601
captcha_3604.png,766940
captcha_3605.png,384510
captcha_3606.png,730095
captcha_3607.png,416862
captcha_3608.png,000814
captcha_3609.png,422854
captcha_3610.png,185838
captcha_3611.png,614167
captcha_3612.png,928734
captcha_3613.png,802705
captcha_3614.png,382463
captcha_3615.png,472537
captcha_3616.png,696095
captcha_3617.png,605172
captcha_3618.png,068349
captcha_3619.png,075023
captcha_3620.png,123072
captcha_3621.png,893644
captcha_3622.png,735978
captcha_3623.png,364470
captcha_3624.png,207218
captcha_3625.png,147827
captcha_3626.png,013445
captcha_3627.png,709276
captcha_3628.png,964813
captcha_3629.png,849804
captcha_3630.png,805100
captcha_3631.png,037111
captcha_3632.png,242092
captcha_3633.png,060758
captcha_3634.png,507179
captcha_3635.png,269152
captcha_3636.png,406300
captcha_3637.png,078696
captcha_3638.png,267791
captcha_3639.png,019073
captcha_3640.png,457623
captcha_3641.png,805592
captcha_3642.png,523474
captcha_3643.png,095813
captcha_3644.png,300092
captcha_3645.png,880645
captcha_3646.png,340203
captcha_3647.png,505158
captcha_3648.png,078444
captcha_3649.png,448228
captcha_3650.png,132280
captcha_3651.png,704576
captcha_3652.png,264124
captcha_3653.png,221453
captcha_3654.png,083745
captcha_3655.png,248479
captcha_3656.png,090750
captcha_3657.png,741042
captcha_3658.png,030432
captcha_3659.png,815264
captcha_3660.png,197518
captcha_3661.png,956439
captcha_3662.png,080074
captcha_3663.png,089450
captcha_3664.png,089373
captcha_3665.png,730588
captcha_3666.png,673402
captcha_3667.png,681965
captcha_3668.png,051772
captcha_3669.png,051772
captcha_3670.png,186009
captcha_3671.png,870360
captcha_3672.png,712330
captcha_3673.png,027464
captcha_3674.png,655197
captcha_3675.png,408160
captcha_3676.png,711416
captcha_3677.png,150220
captcha_3678.png,697267
captcha_3679.png,505710
captcha_3680.png,314253
captcha_3681.png,480978
captcha_3682.png,040461
captcha_3683.png,636270
captcha_3684.png,860751
captcha_3685.png,320255
captcha_3686.png,007922
captcha_3687.png,780556
captcha_3688.png,284677
captcha_3689.png,798240
captcha_3690.png,100736
captcha_3691.png,100078
captcha_3692.png,133594
captcha_3693.png,085730
captcha_3694.png,109420
captcha_3695.png,836320
captcha_3696.png,025427
captcha_3697.png,553073
captcha_3698.png,025658
captcha_3699.png,597944
captcha_3700.png,968406
captcha_3701.png,385060
captcha_3702.png,342367
captcha_3703.png,583519
captcha_3704.png,105272
captcha_3705.png,160065
captcha_3706.png,418904
captcha_3707.png,396393
captcha_3708.png,731969
captcha_3709.png,730190
captcha_3710.png,513147
captcha_3711.png,209112
captcha_3712.png,331835
captcha_3713.png,150279
captcha_3714.png,060669
captcha_3715.png,710171
captcha_3716.png,332135
captcha_3717.png,938048
captcha_3718.png,255833
captcha_3719.png,854194
captcha_3720.png,852724
captcha_3721.png,043368
captcha_3722.png,503006
captcha_3723.png,265475
captcha_3724.png,893097
captcha_3725.png,221989
captcha_3726.png,537916
captcha_3727.png,353044
captcha_3728.png,678146
captcha_3729.png,544764
captcha_3730.png,916095
captcha_3731.png,894574
captcha_3732.png,130764
captcha_3733.png,354223
captcha_3734.png,207125
captcha_3735.png,310783
captcha_3736.png,058738
captcha_3737.png,271215
captcha_3738.png,104096
captcha_3739.png,527872
captcha_3740.png,244791
captcha_3741.png,287462
captcha_3742.png,300010
captcha_3743.png,615277
captcha_3744.png,782406
captcha_3745.png,099545
captcha_3746.png,427250
captcha_3747.png,030000
captcha_3748.png,377969
captcha_3749.png,568823
captcha_3750.png,062790
captcha_3751.png,889830
captcha_3752.png,394974
captcha_3753.png,640276
captcha_3754.png,549751
captcha_3755.png,233969
captcha_3756.png,689203
captcha_3757.png,563284
captcha_3758.png,157712
captcha_3759.png,753203
captcha_3760.png,222250
captcha_3761.png,280335
captcha_3762.png,894777
captcha_3763.png,850205
captcha_3764.png,545113
captcha_3765.png,850391
captcha_3766.png,982004
captcha_3767.png,495822
captcha_3768.png,685764
captcha_3769.png,460691
captcha_3770.png,089006
captcha_3771.png,110104
captcha_3772.png,061636
captcha_3773.png,966035
captcha_3774.png,616625
captcha_3775.png,060968
captcha_3776.png,382908
captcha_3777.png,809848
captcha_3778.png,008242
captcha_3779.png,772490
captcha_3780.png,590098
captcha_3781.png,561530
captcha_3782.png,008815
captcha_3783.png,166633
captcha_3784.png,846872
captcha_3785.png,560073
captcha_3786.png,940980
captcha_3787.png,202806
captcha_3788.png,520506
captcha_3789.png,407048
captcha_3790.png,520506
captcha_3791.png,361701
captcha_3792.png,542402
captcha_3793.png,731685
captcha_3794.png,999602
captcha_3795.png,999602
captcha_3796.png,055009
captcha_3797.png,145940
captcha_3798.png,839389
captcha_3799.png,020009
captcha_3800.png,649347
captcha_3801.png,401320
captcha_3802.png,475597
captcha_3803.png,713360
captcha_3804.png,294030
captcha_3805.png,069858
captcha_3806.png,125164
captcha_3807.png,796759
captcha_3808.png,986778
captcha_3809.png,259877
captcha_3810.png,075940
captcha_3811.png,761373
captcha_3812.png,390107
captcha_3813.png,704442
captcha_3814.png,134617
captcha_3815.png,307035
captcha_3816.png,307035
captcha_3817.png,553350
captcha_3818.png,115579
captcha_3819.png,005397
captcha_3820.png,444047
captcha_3821.png,949058
captcha_3822.png,003004
captcha_3823.png,088830
captcha_3824.png,963757
captcha_3825.png,748684
captcha_3826.png,367022
captcha_3827.png,668489
captcha_3828.png,677864
captcha_3829.png,162754
captcha_3830.png,080010
captcha_3831.png,324661
captcha_3832.png,937302
captcha_3833.png,028000
captcha_3834.png,032144
captcha_3835.png,340808
captcha_3836.png,000409
captcha_3837.png,910965
captcha_3838.png,067003
captcha_3839.png,148488
captcha_3840.png,013140
captcha_3841.png,320290
captcha_3842.png,667810
captcha_3843.png,128083
captcha_3844.png,060130
captcha_3845.png,505950
captcha_3846.png,100001
captcha_3847.png,000849
captcha_3848.png,952918
captcha_3849.png,639263
captcha_3850.png,100099
captcha_3851.png,109210
captcha_3852.png,580664
captcha_3853.png,770814
captcha_3854.png,602585
captcha_3855.png,610500
captcha_3856.png,968131
captcha_3857.png,406042
captcha_3858.png,562349
captcha_3859.png,439736
captcha_3860.png,000153
captcha_3861.png,695105
captcha_3862.png,884389
captcha_3863.png,882919
captcha_3864.png,006396
captcha_3865.png,426603
captcha_3866.png,500935
captcha_3867.png,319215
captcha_3868.png,436178
captcha_3869.png,816106
captcha_3870.png,807051
captcha_3871.png,949073
captcha_3872.png,108419
captcha_3873.png,926952
captcha_3874.png,597370
captcha_3875.png,024401
captcha_3876.png,009329
captcha_3877.png,157290
captcha_3878.png,695005
captcha_3879.png,560778
captcha_3880.png,536460
captcha_3881.png,535537
captcha_3882.png,892709
captcha_3883.png,732494
captcha_3884.png,709955
captcha_3885.png,997272
captcha_3886.png,011587
captcha_3887.png,053656
captcha_3888.png,335064
captcha_3889.png,143675
captcha_3890.png,334395
captcha_3891.png,342915
captcha_3892.png,037055
captcha_3893.png,496188
captcha_3894.png,097779
captcha_3895.png,300488
captcha_3896.png,715425
captcha_3897.png,022541
captcha_3898.png,300631
captcha_3899.png,126605
captcha_3900.png,847678
captcha_3901.png,665199
captcha_3902.png,382030
captcha_3903.png,571280
captcha_3904.png,086391
captcha_3905.png,762991
captcha_3906.png,457008
captcha_3907.png,100927
captcha_3908.png,390714
captcha_3909.png,555502
captcha_3910.png,116007
captcha_3911.png,174940
captcha_3912.png,402496
captcha_3913.png,949686
captcha_3914.png,177120
captcha_3915.png,962006
captcha_3916.png,380406
captcha_3917.png,717606
captcha_3918.png,941933
captcha_3919.png,884002
captcha_3920.png,734544
captcha_3921.png,543824
captcha_3922.png,858080
captcha_3923.png,172359
captcha_3924.png,200183
captcha_3925.png,713526
captcha_3926.png,702007
captcha_3927.png,991270
captcha_3928.png,924040
captcha_3929.png,832725
captcha_3930.png,244520
captcha_3931.png,716950
captcha_3932.png,906815
captcha_3933.png,296930
captcha_3934.png,056790
captcha_3935.png,718908
captcha_3936.png,755997
captcha_3937.png,315870
captcha_3938.png,935613
captcha_3939.png,351008
captcha_3940.png,862624
captcha_3941.png,885909
captcha_3942.png,941128
captcha_3943.png,140714
captcha_3944.png,513060
captcha_3945.png,809198
captcha_3946.png,298572
captcha_3947.png,089986
captcha_3948.png,143508
captcha_3949.png,080821
captcha_3950.png,221099
captcha_3951.png,710396
captcha_3952.png,558600
captcha_3953.png,748307
captcha_3954.png,187024
captcha_3955.png,069225
captcha_3956.png,170442
captcha_3957.png,921055
captcha_3958.png,004800
captcha_3959.png,030600
captcha_3960.png,513214
captcha_3961.png,747872
captcha_3962.png,203209
captcha_3963.png,943152
captcha_3964.png,557908
captcha_3965.png,704925
captcha_3966.png,938493
captcha_3967.png,203121
captcha_3968.png,944076
captcha_3969.png,347671
captcha_3970.png,565370
captcha_3971.png,936946
captcha_3972.png,604699
captcha_3973.png,076097
captcha_3974.png,550701
captcha_3975.png,565393
captcha_3976.png,409064
captcha_3977.png,470053
captcha_3978.png,920032
captcha_3979.png,920032
captcha_3980.png,864803
captcha_3981.png,053120
captcha_3982.png,047460
captcha_3983.png,026042
captcha_3984.png,378300
captcha_3985.png,031701
captcha_3986.png,564155
captcha_3987.png,004000
captcha_3988.png,004000
captcha_3989.png,418820
captcha_3990.png,052905
captcha_3991.png,541299
captcha_3992.png,293272
captcha_3993.png,602859
captcha_3994.png,142702
captcha_3995.png,200031
captcha_3996.png,024904
captcha_3997.png,191056
captcha_3998.png,191056
captcha_3999.png,732000
captcha_4000.png,018620
captcha_4001.png,719033
captcha_4002.png,050390
captcha_4003.png,090431
captcha_4004.png,915403
captcha_4005.png,082742
captcha_4006.png,405798
captcha_4007.png,098302
captcha_4008.png,478609
captcha_4009.png,050213
captcha_4010.png,943415
captcha_4011.png,019309
captcha_4012.png,914899
captcha_4013.png,887031
captcha_4014.png,142957
captcha_4015.png,280604
captcha_4016.png,936130
captcha_4017.png,010246
captcha_4018.png,134727
captcha_4019.png,201056
captcha_4020.png,516202
captcha_4021.png,032698
captcha_4022.png,296110
captcha_4023.png,011091
captcha_4024.png,885417
